{
  "neighborhoods": [
    {
      "id": 13213,
      "district_id": 172,
      "name": "AHMET YESEVİ MAH",
      "area": "AYDINTEPE",
      "postal_code": "69500"
    },
    {
      "id": 13214,
      "district_id": 172,
      "name": "AKBULUT KÖYÜ",
      "area": "MERKEZKÖYLER",
      "postal_code": "69502"
    },
    {
      "id": 13215,
      "district_id": 172,
      "name": "ALACA KÖYÜ",
      "area": "MERKEZKÖYLER",
      "postal_code": "69502"
    },
    {
      "id": 13216,
      "district_id": 172,
      "name": "AŞAĞIKIRZI KÖYÜ",
      "area": "MERKEZKÖYLER",
      "postal_code": "69502"
    },
    {
      "id": 13217,
      "district_id": 172,
      "name": "AYDINTEPE YAYLASI MAH",
      "area": "AYDINTEPE",
      "postal_code": "69500"
    },
    {
      "id": 13218,
      "district_id": 172,
      "name": "BAŞPINAR KÖYÜ",
      "area": "MERKEZKÖYLER",
      "postal_code": "69502"
    },
    {
      "id": 13219,
      "district_id": 172,
      "name": "ÇATIKSU KÖYÜ",
      "area": "MERKEZKÖYLER",
      "postal_code": "69502"
    },
    {
      "id": 13220,
      "district_id": 172,
      "name": "ÇAYIRKÖPRÜ KÖYÜ",
      "area": "MERKEZKÖYLER",
      "postal_code": "69502"
    },
    {
      "id": 13221,
      "district_id": 172,
      "name": "ÇEMÇÜL YAYLA MAH (KILIÇKAYA KÖYÜ)",
      "area": "MERKEZKÖYLER",
      "postal_code": "69502"
    },
    {
      "id": 13222,
      "district_id": 172,
      "name": "ÇİĞDEMLİK KÖYÜ",
      "area": "MERKEZKÖYLER",
      "postal_code": "69502"
    },
    {
      "id": 13223,
      "district_id": 172,
      "name": "DUMLU KÖYÜ",
      "area": "MERKEZKÖYLER",
      "postal_code": "69502"
    },
    {
      "id": 13224,
      "district_id": 172,
      "name": "ERİKDİBİ KÖYÜ",
      "area": "MERKEZKÖYLER",
      "postal_code": "69502"
    },
    {
      "id": 13225,
      "district_id": 172,
      "name": "GÜMÜŞDAMLA MAH (GÜMÜŞDAMLA KÖYÜ)",
      "area": "MERKEZKÖYLER",
      "postal_code": "69502"
    },
    {
      "id": 13226,
      "district_id": 172,
      "name": "GÜNBULDU KÖYÜ",
      "area": "MERKEZKÖYLER",
      "postal_code": "69502"
    },
    {
      "id": 13227,
      "district_id": 172,
      "name": "HACI ALİ EFENDİ MAH",
      "area": "AYDINTEPE",
      "postal_code": "69500"
    },
    {
      "id": 13228,
      "district_id": 172,
      "name": "İNCİLİ KÖYÜ",
      "area": "MERKEZKÖYLER",
      "postal_code": "69502"
    },
    {
      "id": 13229,
      "district_id": 172,
      "name": "KALE MAH",
      "area": "AYDINTEPE",
      "postal_code": "69500"
    },
    {
      "id": 13230,
      "district_id": 172,
      "name": "KAVLATAN KÖYÜ",
      "area": "MERKEZKÖYLER",
      "postal_code": "69502"
    },
    {
      "id": 13231,
      "district_id": 172,
      "name": "KOŞMER MAH (GÜMÜŞDAMLA KÖYÜ)",
      "area": "MERKEZKÖYLER",
      "postal_code": "69502"
    },
    {
      "id": 13232,
      "district_id": 172,
      "name": "MERKEZ MAH (GÜMÜŞDAMLA KÖYÜ)",
      "area": "MERKEZKÖYLER",
      "postal_code": "69502"
    },
    {
      "id": 13233,
      "district_id": 172,
      "name": "MERKEZ MAH (KILIÇKAYA KÖYÜ)",
      "area": "MERKEZKÖYLER",
      "postal_code": "69502"
    },
    {
      "id": 13234,
      "district_id": 172,
      "name": "PINARGÖZÜ KÖYÜ",
      "area": "MERKEZKÖYLER",
      "postal_code": "69502"
    },
    {
      "id": 13235,
      "district_id": 172,
      "name": "ŞALCILAR KÖYÜ",
      "area": "MERKEZKÖYLER",
      "postal_code": "69502"
    },
    {
      "id": 13236,
      "district_id": 172,
      "name": "SIRATAŞLAR KÖYÜ",
      "area": "MERKEZKÖYLER",
      "postal_code": "69502"
    },
    {
      "id": 13237,
      "district_id": 172,
      "name": "SORKUNLU KÖYÜ",
      "area": "MERKEZKÖYLER",
      "postal_code": "69502"
    },
    {
      "id": 13238,
      "district_id": 172,
      "name": "SULUDERE KÖYÜ",
      "area": "MERKEZKÖYLER",
      "postal_code": "69502"
    },
    {
      "id": 13239,
      "district_id": 172,
      "name": "YAKUDİYE MAH",
      "area": "AYDINTEPE",
      "postal_code": "69500"
    },
    {
      "id": 13240,
      "district_id": 172,
      "name": "YANOBA KÖYÜ",
      "area": "MERKEZKÖYLER",
      "postal_code": "69502"
    },
    {
      "id": 13241,
      "district_id": 172,
      "name": "YAPRACIK KÖYÜ",
      "area": "MERKEZKÖYLER",
      "postal_code": "69502"
    },
    {
      "id": 13242,
      "district_id": 172,
      "name": "YAZLIK KÖYÜ",
      "area": "MERKEZKÖYLER",
      "postal_code": "69502"
    },
    {
      "id": 13243,
      "district_id": 172,
      "name": "YUKARIKIRZI KÖYÜ",
      "area": "MERKEZKÖYLER",
      "postal_code": "69502"
    },
    {
      "id": 13244,
      "district_id": 173,
      "name": "AKYAKA KÖYÜ",
      "area": "MERKEZKÖYLER",
      "postal_code": "69402"
    },
    {
      "id": 13245,
      "district_id": 173,
      "name": "BAYRAMPAŞA KÖYÜ",
      "area": "MERKEZKÖYLER",
      "postal_code": "69402"
    },
    {
      "id": 13246,
      "district_id": 173,
      "name": "ÇAĞILLI KÖYÜ",
      "area": "MERKEZKÖYLER",
      "postal_code": "69402"
    },
    {
      "id": 13247,
      "district_id": 173,
      "name": "ÇAKIRÖZ KÖYÜ",
      "area": "MERKEZKÖYLER",
      "postal_code": "69402"
    },
    {
      "id": 13248,
      "district_id": 173,
      "name": "ÇATALÇEŞME KÖYÜ",
      "area": "MERKEZKÖYLER",
      "postal_code": "69402"
    },
    {
      "id": 13249,
      "district_id": 173,
      "name": "ÇİFTETAŞ MAH",
      "area": "DEMİRÖZÜ",
      "postal_code": "69400"
    },
    {
      "id": 13250,
      "district_id": 173,
      "name": "ÇİMENTEPE KÖYÜ",
      "area": "MERKEZKÖYLER",
      "postal_code": "69402"
    },
    {
      "id": 13251,
      "district_id": 173,
      "name": "DAMLICA KÖYÜ",
      "area": "MERKEZKÖYLER",
      "postal_code": "69402"
    },
    {
      "id": 13252,
      "district_id": 173,
      "name": "DEVETAŞI KÖYÜ",
      "area": "MERKEZKÖYLER",
      "postal_code": "69402"
    },
    {
      "id": 13253,
      "district_id": 173,
      "name": "DİKMETAŞ KÖYÜ",
      "area": "MERKEZKÖYLER",
      "postal_code": "69402"
    },
    {
      "id": 13254,
      "district_id": 173,
      "name": "ELMALI KÖYÜ",
      "area": "MERKEZKÖYLER",
      "postal_code": "69402"
    },
    {
      "id": 13255,
      "district_id": 173,
      "name": "ESENTEPE MAH",
      "area": "DEMİRÖZÜ",
      "postal_code": "69400"
    },
    {
      "id": 13256,
      "district_id": 173,
      "name": "ESENYURT MAH (BEŞPINAR KÖYÜ)",
      "area": "MERKEZKÖYLER",
      "postal_code": "69402"
    },
    {
      "id": 13257,
      "district_id": 173,
      "name": "EYMÜR KÖYÜ",
      "area": "MERKEZKÖYLER",
      "postal_code": "69402"
    },
    {
      "id": 13258,
      "district_id": 173,
      "name": "GÜÇLÜ KÖYÜ",
      "area": "MERKEZKÖYLER",
      "postal_code": "69402"
    },
    {
      "id": 13259,
      "district_id": 173,
      "name": "GÜNEŞLİ MAH",
      "area": "DEMİRÖZÜ",
      "postal_code": "69400"
    },
    {
      "id": 13260,
      "district_id": 173,
      "name": "GÜVERCİNDERE KÖYÜ",
      "area": "MERKEZKÖYLER",
      "postal_code": "69402"
    },
    {
      "id": 13261,
      "district_id": 173,
      "name": "IŞIKOVA KÖYÜ",
      "area": "MERKEZKÖYLER",
      "postal_code": "69402"
    },
    {
      "id": 13262,
      "district_id": 173,
      "name": "KALECİK KÖYÜ",
      "area": "MERKEZKÖYLER",
      "postal_code": "69402"
    },
    {
      "id": 13263,
      "district_id": 173,
      "name": "KARAYAŞMAK KÖYÜ",
      "area": "MERKEZKÖYLER",
      "postal_code": "69402"
    },
    {
      "id": 13264,
      "district_id": 173,
      "name": "KARŞIYAKA MAH (GÖKÇEDERE BELDESİ)",
      "area": "GÖKÇEDERE",
      "postal_code": "69450"
    },
    {
      "id": 13265,
      "district_id": 173,
      "name": "KAVAKLI KÖYÜ",
      "area": "MERKEZKÖYLER",
      "postal_code": "69402"
    },
    {
      "id": 13266,
      "district_id": 173,
      "name": "OTLUKBELİ KÖYÜ",
      "area": "MERKEZKÖYLER",
      "postal_code": "69402"
    },
    {
      "id": 13267,
      "district_id": 173,
      "name": "PETEKLİ KÖYÜ",
      "area": "MERKEZKÖYLER",
      "postal_code": "69402"
    },
    {
      "id": 13268,
      "district_id": 173,
      "name": "PINARBAŞI MAH (GÖKÇEDERE BELDESİ)",
      "area": "GÖKÇEDERE",
      "postal_code": "69450"
    },
    {
      "id": 13269,
      "district_id": 173,
      "name": "PINARCIK KÖYÜ",
      "area": "MERKEZKÖYLER",
      "postal_code": "69402"
    },
    {
      "id": 13270,
      "district_id": 173,
      "name": "SERENLİ KÖYÜ",
      "area": "MERKEZKÖYLER",
      "postal_code": "69402"
    },
    {
      "id": 13271,
      "district_id": 173,
      "name": "ŞİRİN MAH",
      "area": "DEMİRÖZÜ",
      "postal_code": "69400"
    },
    {
      "id": 13272,
      "district_id": 173,
      "name": "YAKUPABDAL KÖYÜ",
      "area": "MERKEZKÖYLER",
      "postal_code": "69402"
    },
    {
      "id": 13273,
      "district_id": 173,
      "name": "YAZIBAŞI KÖYÜ",
      "area": "MERKEZKÖYLER",
      "postal_code": "69402"
    },
    {
      "id": 13274,
      "district_id": 173,
      "name": "YELPINAR KÖYÜ",
      "area": "MERKEZKÖYLER",
      "postal_code": "69402"
    },
    {
      "id": 13275,
      "district_id": 173,
      "name": "YEŞİLYURT MAH (BEŞPINAR KÖYÜ)",
      "area": "MERKEZKÖYLER",
      "postal_code": "69402"
    },
    {
      "id": 13276,
      "district_id": 173,
      "name": "YEŞİLYURT MAH (GÖKÇEDERE BELDESİ)",
      "area": "GÖKÇEDERE",
      "postal_code": "69450"
    },
    {
      "id": 13277,
      "district_id": 173,
      "name": "YUKARIPINARLI KÖYÜ",
      "area": "MERKEZKÖYLER",
      "postal_code": "69402"
    },
    {
      "id": 13278,
      "district_id": 174,
      "name": "A.GENÇOSMAN MAH (GENÇOSMAN KÖYÜ)",
      "area": "MADEN",
      "postal_code": "69350"
    },
    {
      "id": 13279,
      "district_id": 174,
      "name": "A.ÖRENCE HANLARI MAH (ÖRENCE KÖYÜ)",
      "area": "MADEN",
      "postal_code": "69350"
    },
    {
      "id": 13280,
      "district_id": 174,
      "name": "ADABAŞI KÖYÜ",
      "area": "MERKEZKÖYLER",
      "postal_code": "69002"
    },
    {
      "id": 13281,
      "district_id": 174,
      "name": "AĞÖREN KÖYÜ",
      "area": "MADEN",
      "postal_code": "69350"
    },
    {
      "id": 13282,
      "district_id": 174,
      "name": "AKÇAKUZU KÖYÜ",
      "area": "MERKEZKÖYLER",
      "postal_code": "69002"
    },
    {
      "id": 13283,
      "district_id": 174,
      "name": "AKDURAN KÖYÜ",
      "area": "MADEN",
      "postal_code": "69350"
    },
    {
      "id": 13284,
      "district_id": 174,
      "name": "AKSAÇLI KÖYÜ",
      "area": "MERKEZKÖYLER",
      "postal_code": "69002"
    },
    {
      "id": 13285,
      "district_id": 174,
      "name": "ALAPELİT KÖYÜ",
      "area": "MERKEZKÖYLER",
      "postal_code": "69002"
    },
    {
      "id": 13286,
      "district_id": 174,
      "name": "ALIÇLIK KÖYÜ",
      "area": "MERKEZKÖYLER",
      "postal_code": "69002"
    },
    {
      "id": 13287,
      "district_id": 174,
      "name": "ARDIÇGÖZE KÖYÜ",
      "area": "MERKEZKÖYLER",
      "postal_code": "69002"
    },
    {
      "id": 13288,
      "district_id": 174,
      "name": "ARMUTLU KÖYÜ",
      "area": "MERKEZKÖYLER",
      "postal_code": "69002"
    },
    {
      "id": 13289,
      "district_id": 174,
      "name": "ARSLANDEDE KÖYÜ",
      "area": "MERKEZKÖYLER",
      "postal_code": "69002"
    },
    {
      "id": 13290,
      "district_id": 174,
      "name": "AŞAĞI GEZ MAH (GEZ KÖYÜ)",
      "area": "MADEN",
      "postal_code": "69350"
    },
    {
      "id": 13291,
      "district_id": 174,
      "name": "AŞAĞI GÜMÜŞSU MAH (GÜMÜŞSU KÖYÜ)",
      "area": "MERKEZKÖYLER",
      "postal_code": "69002"
    },
    {
      "id": 13292,
      "district_id": 174,
      "name": "AŞAĞI KIRATLI MAH (KIRATLI KÖYÜ)",
      "area": "MADEN",
      "postal_code": "69350"
    },
    {
      "id": 13293,
      "district_id": 174,
      "name": "AŞAĞI TAŞOCAĞI MAH (TAŞOCAĞI KÖYÜ)",
      "area": "MERKEZKÖYLER",
      "postal_code": "69002"
    },
    {
      "id": 13294,
      "district_id": 174,
      "name": "AŞAĞI YONCALI MAH (YONCALI KÖYÜ)",
      "area": "MERKEZKÖYLER",
      "postal_code": "69002"
    },
    {
      "id": 13295,
      "district_id": 174,
      "name": "AŞAĞIKIŞLAK KÖYÜ",
      "area": "MERKEZKÖYLER",
      "postal_code": "69002"
    },
    {
      "id": 13296,
      "district_id": 174,
      "name": "AŞAĞIPINARLI KÖYÜ",
      "area": "MERKEZKÖYLER",
      "postal_code": "69002"
    },
    {
      "id": 13297,
      "district_id": 174,
      "name": "AYDINCIK KÖYÜ",
      "area": "MERKEZKÖYLER",
      "postal_code": "69002"
    },
    {
      "id": 13298,
      "district_id": 174,
      "name": "BALCA KÖYÜ",
      "area": "MERKEZKÖYLER",
      "postal_code": "69002"
    },
    {
      "id": 13299,
      "district_id": 174,
      "name": "BALKAYNAK KÖYÜ",
      "area": "MERKEZKÖYLER",
      "postal_code": "69002"
    },
    {
      "id": 13300,
      "district_id": 174,
      "name": "BALLIKAYA KÖYÜ",
      "area": "MERKEZKÖYLER",
      "postal_code": "69002"
    },
    {
      "id": 13301,
      "district_id": 174,
      "name": "BAYIRTEPE KÖYÜ",
      "area": "MERKEZKÖYLER",
      "postal_code": "69002"
    },
    {
      "id": 13302,
      "district_id": 174,
      "name": "BAYRAKTAR KÖYÜ",
      "area": "MERKEZKÖYLER",
      "postal_code": "69002"
    },
    {
      "id": 13303,
      "district_id": 174,
      "name": "BUĞDAYLI KÖYÜ",
      "area": "MERKEZKÖYLER",
      "postal_code": "69002"
    },
    {
      "id": 13304,
      "district_id": 174,
      "name": "ÇAKIRBAĞ KÖYÜ",
      "area": "MERKEZKÖYLER",
      "postal_code": "69002"
    },
    {
      "id": 13305,
      "district_id": 174,
      "name": "ÇALIDERE HANLARI MAH (ÇALIDERE KÖYÜ)",
      "area": "MADEN",
      "postal_code": "69350"
    },
    {
      "id": 13306,
      "district_id": 174,
      "name": "ÇAMDERE KÖYÜ",
      "area": "MERKEZKÖYLER",
      "postal_code": "69002"
    },
    {
      "id": 13307,
      "district_id": 174,
      "name": "CAMİİKEBİR MAH",
      "area": "BAYBURT",
      "postal_code": "69010"
    },
    {
      "id": 13308,
      "district_id": 174,
      "name": "ÇAMLIKOZ KÖYÜ",
      "area": "MERKEZKÖYLER",
      "postal_code": "69002"
    },
    {
      "id": 13309,
      "district_id": 174,
      "name": "ÇATILAR MAH (SANCAKTEPE KÖYÜ)",
      "area": "MERKEZKÖYLER",
      "postal_code": "69002"
    },
    {
      "id": 13310,
      "district_id": 174,
      "name": "ÇAYIRÖZÜ KÖYÜ",
      "area": "MERKEZKÖYLER",
      "postal_code": "69002"
    },
    {
      "id": 13311,
      "district_id": 174,
      "name": "ÇİÇEKLİ MAH (ARPALI BELDESİ)",
      "area": "ARPALI",
      "postal_code": "69300"
    },
    {
      "id": 13312,
      "district_id": 174,
      "name": "ÇİĞDEMTEPE KÖYÜ",
      "area": "MERKEZKÖYLER",
      "postal_code": "69002"
    },
    {
      "id": 13313,
      "district_id": 174,
      "name": "ÇORAK KÖYÜ",
      "area": "MERKEZKÖYLER",
      "postal_code": "69002"
    },
    {
      "id": 13314,
      "district_id": 174,
      "name": "CUMHURİYET MAH (ARPALI BELDESİ)",
      "area": "ARPALI",
      "postal_code": "69300"
    },
    {
      "id": 13315,
      "district_id": 174,
      "name": "DAĞÇATI KÖYÜ",
      "area": "MERKEZKÖYLER",
      "postal_code": "69002"
    },
    {
      "id": 13316,
      "district_id": 174,
      "name": "DAĞTARLA KÖYÜ",
      "area": "MERKEZKÖYLER",
      "postal_code": "69002"
    },
    {
      "id": 13317,
      "district_id": 174,
      "name": "DANİŞMENT KÖYÜ",
      "area": "MERKEZKÖYLER",
      "postal_code": "69002"
    },
    {
      "id": 13318,
      "district_id": 174,
      "name": "DEĞİRMENCİK KÖYÜ",
      "area": "MERKEZKÖYLER",
      "postal_code": "69002"
    },
    {
      "id": 13319,
      "district_id": 174,
      "name": "DEMİRIŞIK KÖYÜ",
      "area": "MERKEZKÖYLER",
      "postal_code": "69002"
    },
    {
      "id": 13320,
      "district_id": 174,
      "name": "DEMİRKAŞ KÖYÜ",
      "area": "MADEN",
      "postal_code": "69350"
    },
    {
      "id": 13321,
      "district_id": 174,
      "name": "DEREÇIMAĞIL MAH (BAŞÇİMAĞIL KÖYÜ)",
      "area": "MADEN",
      "postal_code": "69350"
    },
    {
      "id": 13322,
      "district_id": 174,
      "name": "DİKMETAŞ KÖYÜ",
      "area": "MERKEZKÖYLER",
      "postal_code": "69002"
    },
    {
      "id": 13323,
      "district_id": 174,
      "name": "DÖVMEKAYA KÖYÜ",
      "area": "MERKEZKÖYLER",
      "postal_code": "69002"
    },
    {
      "id": 13324,
      "district_id": 174,
      "name": "DURUSU MAH (YAYLAPINAR KÖYÜ)",
      "area": "MADEN",
      "postal_code": "69350"
    },
    {
      "id": 13325,
      "district_id": 174,
      "name": "ERENLER MAH (GÜNEYDERE KÖYÜ)",
      "area": "MERKEZKÖYLER",
      "postal_code": "69002"
    },
    {
      "id": 13326,
      "district_id": 174,
      "name": "ERENLİ KÖYÜ",
      "area": "MERKEZKÖYLER",
      "postal_code": "69002"
    },
    {
      "id": 13327,
      "district_id": 174,
      "name": "ESENTEPE MAH",
      "area": "BAYBURT",
      "postal_code": "69010"
    },
    {
      "id": 13328,
      "district_id": 174,
      "name": "ESENTEPE MAH (AKŞAR KÖYÜ)",
      "area": "MERKEZKÖYLER",
      "postal_code": "69002"
    },
    {
      "id": 13329,
      "district_id": 174,
      "name": "FATİH MAH (KONURSU KÖYÜ)",
      "area": "MERKEZKÖYLER",
      "postal_code": "69002"
    },
    {
      "id": 13330,
      "district_id": 174,
      "name": "GENÇOSMAN MAH",
      "area": "BAYBURT",
      "postal_code": "69010"
    },
    {
      "id": 13331,
      "district_id": 174,
      "name": "GÖKÇELİ KÖYÜ",
      "area": "MERKEZKÖYLER",
      "postal_code": "69002"
    },
    {
      "id": 13332,
      "district_id": 174,
      "name": "GÖKLER KÖYÜ",
      "area": "MERKEZKÖYLER",
      "postal_code": "69002"
    },
    {
      "id": 13333,
      "district_id": 174,
      "name": "GÖKPINAR KÖYÜ",
      "area": "MERKEZKÖYLER",
      "postal_code": "69002"
    },
    {
      "id": 13334,
      "district_id": 174,
      "name": "GÖLDERE KÖYÜ",
      "area": "MERKEZKÖYLER",
      "postal_code": "69002"
    },
    {
      "id": 13335,
      "district_id": 174,
      "name": "GÜDER KÖYÜ",
      "area": "MERKEZKÖYLER",
      "postal_code": "69002"
    },
    {
      "id": 13336,
      "district_id": 174,
      "name": "GÜLLÜCE KÖYÜ",
      "area": "MERKEZKÖYLER",
      "postal_code": "69002"
    },
    {
      "id": 13337,
      "district_id": 174,
      "name": "GÜLTEPE MAH (AKŞAR KÖYÜ)",
      "area": "MERKEZKÖYLER",
      "postal_code": "69002"
    },
    {
      "id": 13338,
      "district_id": 174,
      "name": "GÜNLÜCE MAH (ULUÇAYIR KÖYÜ)",
      "area": "MERKEZKÖYLER",
      "postal_code": "69002"
    },
    {
      "id": 13339,
      "district_id": 174,
      "name": "GÜZELCE KÖYÜ",
      "area": "MERKEZKÖYLER",
      "postal_code": "69002"
    },
    {
      "id": 13340,
      "district_id": 174,
      "name": "HACIOĞLU KÖYÜ",
      "area": "MERKEZKÖYLER",
      "postal_code": "69002"
    },
    {
      "id": 13341,
      "district_id": 174,
      "name": "HALFİKALE  MAH (KALEARDI MAH)",
      "area": "BAYBURT",
      "postal_code": "69010"
    },
    {
      "id": 13342,
      "district_id": 174,
      "name": "HARMANÖZÜ KÖYÜ",
      "area": "MERKEZKÖYLER",
      "postal_code": "69002"
    },
    {
      "id": 13343,
      "district_id": 174,
      "name": "HELVA KÖYÜ",
      "area": "MADEN",
      "postal_code": "69350"
    },
    {
      "id": 13344,
      "district_id": 174,
      "name": "HEYBETEPE KÖYÜ",
      "area": "MERKEZKÖYLER",
      "postal_code": "69002"
    },
    {
      "id": 13345,
      "district_id": 174,
      "name": "HÜRRİYET MAH (ARPALI BELDESİ)",
      "area": "ARPALI",
      "postal_code": "69300"
    },
    {
      "id": 13346,
      "district_id": 174,
      "name": "İĞDİR KÖYÜ",
      "area": "MADEN",
      "postal_code": "69350"
    },
    {
      "id": 13347,
      "district_id": 174,
      "name": "KABAÇAYIR KÖYÜ",
      "area": "MERKEZKÖYLER",
      "postal_code": "69002"
    },
    {
      "id": 13348,
      "district_id": 174,
      "name": "KADIZADE MAH",
      "area": "BAYBURT",
      "postal_code": "69010"
    },
    {
      "id": 13349,
      "district_id": 174,
      "name": "KALEBOYNU MAH (ÖRENCE KÖYÜ)",
      "area": "MADEN",
      "postal_code": "69350"
    },
    {
      "id": 13350,
      "district_id": 174,
      "name": "KARASAKAL MAH",
      "area": "BAYBURT",
      "postal_code": "69010"
    },
    {
      "id": 13351,
      "district_id": 174,
      "name": "KARLICA KÖYÜ",
      "area": "MERKEZKÖYLER",
      "postal_code": "69002"
    },
    {
      "id": 13352,
      "district_id": 174,
      "name": "KARŞIGEÇİT KÖYÜ",
      "area": "MERKEZKÖYLER",
      "postal_code": "69002"
    },
    {
      "id": 13353,
      "district_id": 174,
      "name": "KARŞIYAKA MAH (NİŞANTAŞI KÖYÜ)",
      "area": "MERKEZKÖYLER",
      "postal_code": "69002"
    },
    {
      "id": 13354,
      "district_id": 174,
      "name": "KAVACIK KÖYÜ",
      "area": "MERKEZKÖYLER",
      "postal_code": "69002"
    },
    {
      "id": 13355,
      "district_id": 174,
      "name": "KAVAKYANI KÖYÜ",
      "area": "MERKEZKÖYLER",
      "postal_code": "69002"
    },
    {
      "id": 13356,
      "district_id": 174,
      "name": "KEMERTAŞ KÖYÜ",
      "area": "MERKEZKÖYLER",
      "postal_code": "69002"
    },
    {
      "id": 13357,
      "district_id": 174,
      "name": "KIRKPINAR KÖYÜ",
      "area": "MERKEZKÖYLER",
      "postal_code": "69002"
    },
    {
      "id": 13358,
      "district_id": 174,
      "name": "KIZILCAÖREN MAH (YERLİCE KÖYÜ)",
      "area": "MERKEZKÖYLER",
      "postal_code": "69002"
    },
    {
      "id": 13359,
      "district_id": 174,
      "name": "KOÇBAYIR KÖYÜ",
      "area": "MERKEZKÖYLER",
      "postal_code": "69002"
    },
    {
      "id": 13360,
      "district_id": 174,
      "name": "KOPUZ KÖYÜ",
      "area": "MERKEZKÖYLER",
      "postal_code": "69002"
    },
    {
      "id": 13361,
      "district_id": 174,
      "name": "KOZLUK KÖYÜ",
      "area": "MERKEZKÖYLER",
      "postal_code": "69002"
    },
    {
      "id": 13362,
      "district_id": 174,
      "name": "KURBANPINARI KÖYÜ",
      "area": "MERKEZKÖYLER",
      "postal_code": "69002"
    },
    {
      "id": 13363,
      "district_id": 174,
      "name": "KURCAKOL MAH (YEŞİLYURT KÖYÜ)",
      "area": "MERKEZKÖYLER",
      "postal_code": "69002"
    },
    {
      "id": 13364,
      "district_id": 174,
      "name": "KURUGÜNEY KÖYÜ",
      "area": "MERKEZKÖYLER",
      "postal_code": "69002"
    },
    {
      "id": 13365,
      "district_id": 174,
      "name": "KUTLUBEY MAH (ÇAYIRYOLU KÖYÜ)",
      "area": "MERKEZKÖYLER",
      "postal_code": "69002"
    },
    {
      "id": 13366,
      "district_id": 174,
      "name": "KUZULAR MAH (YAYLAPINAR KÖYÜ)",
      "area": "MADEN",
      "postal_code": "69350"
    },
    {
      "id": 13367,
      "district_id": 174,
      "name": "MADEN KÖYÜ",
      "area": "MADEN",
      "postal_code": "69350"
    },
    {
      "id": 13368,
      "district_id": 174,
      "name": "MANAS KÖYÜ",
      "area": "MERKEZKÖYLER",
      "postal_code": "69002"
    },
    {
      "id": 13369,
      "district_id": 174,
      "name": "MEHMET ÇELEBİ MAH",
      "area": "BAYBURT",
      "postal_code": "69010"
    },
    {
      "id": 13370,
      "district_id": 174,
      "name": "MERKEZ MAH (AŞAĞIÇİMAĞIL KÖYÜ)",
      "area": "MADEN",
      "postal_code": "69350"
    },
    {
      "id": 13371,
      "district_id": 174,
      "name": "MERKEZ MAH (BAŞÇİMAĞIL KÖYÜ)",
      "area": "MADEN",
      "postal_code": "69350"
    },
    {
      "id": 13372,
      "district_id": 174,
      "name": "MERKEZ MAH (ÇALIDERE KÖYÜ)",
      "area": "MADEN",
      "postal_code": "69350"
    },
    {
      "id": 13373,
      "district_id": 174,
      "name": "MERKEZ MAH (ÇERÇİ KÖYÜ)",
      "area": "MERKEZKÖYLER",
      "postal_code": "69002"
    },
    {
      "id": 13374,
      "district_id": 174,
      "name": "MERKEZ MAH (DARICA KÖYÜ)",
      "area": "MERKEZKÖYLER",
      "postal_code": "69002"
    },
    {
      "id": 13375,
      "district_id": 174,
      "name": "MERKEZ MAH (GENÇOSMAN KÖYÜ)",
      "area": "MADEN",
      "postal_code": "69350"
    },
    {
      "id": 13376,
      "district_id": 174,
      "name": "MERKEZ MAH (GÖLOBA KÖYÜ)",
      "area": "MERKEZKÖYLER",
      "postal_code": "69002"
    },
    {
      "id": 13377,
      "district_id": 174,
      "name": "MERKEZ MAH (GÜMÜŞSU KÖYÜ)",
      "area": "MERKEZKÖYLER",
      "postal_code": "69002"
    },
    {
      "id": 13378,
      "district_id": 174,
      "name": "MERKEZ MAH (GÜNEYDERE KÖYÜ)",
      "area": "MERKEZKÖYLER",
      "postal_code": "69002"
    },
    {
      "id": 13379,
      "district_id": 174,
      "name": "MERKEZ MAH (KIRATLI KÖYÜ)",
      "area": "MADEN",
      "postal_code": "69350"
    },
    {
      "id": 13380,
      "district_id": 174,
      "name": "MERKEZ MAH (KİTRE KÖYÜ)",
      "area": "MERKEZKÖYLER",
      "postal_code": "69002"
    },
    {
      "id": 13381,
      "district_id": 174,
      "name": "MERKEZ MAH (KOP KÖYÜ)",
      "area": "MADEN",
      "postal_code": "69350"
    },
    {
      "id": 13382,
      "district_id": 174,
      "name": "MERKEZ MAH (MASAT KÖYÜ)",
      "area": "MADEN",
      "postal_code": "69350"
    },
    {
      "id": 13383,
      "district_id": 174,
      "name": "MERKEZ MAH (NİŞANTAŞI KÖYÜ)",
      "area": "MERKEZKÖYLER",
      "postal_code": "69002"
    },
    {
      "id": 13384,
      "district_id": 174,
      "name": "MERKEZ MAH (ÖRENCE KÖYÜ)",
      "area": "MADEN",
      "postal_code": "69350"
    },
    {
      "id": 13385,
      "district_id": 174,
      "name": "MERKEZ MAH (SANCAKTEPE KÖYÜ)",
      "area": "MERKEZKÖYLER",
      "postal_code": "69002"
    },
    {
      "id": 13386,
      "district_id": 174,
      "name": "MERKEZ MAH (TAŞOCAĞI KÖYÜ)",
      "area": "MERKEZKÖYLER",
      "postal_code": "69002"
    },
    {
      "id": 13387,
      "district_id": 174,
      "name": "MERKEZ MAH (UĞRAK KÖYÜ)",
      "area": "MERKEZKÖYLER",
      "postal_code": "69002"
    },
    {
      "id": 13388,
      "district_id": 174,
      "name": "MERKEZ MAH (ULUÇAYIR KÖYÜ)",
      "area": "MERKEZKÖYLER",
      "postal_code": "69002"
    },
    {
      "id": 13389,
      "district_id": 174,
      "name": "MERKEZ MAH (ÜZENGİLİ KÖYÜ)",
      "area": "MERKEZKÖYLER",
      "postal_code": "69002"
    },
    {
      "id": 13390,
      "district_id": 174,
      "name": "MERKEZ MAH (YAYLAPINAR KÖYÜ)",
      "area": "MADEN",
      "postal_code": "69350"
    },
    {
      "id": 13391,
      "district_id": 174,
      "name": "MERKEZ MAH (YAZYURDU KÖYÜ)",
      "area": "MERKEZKÖYLER",
      "postal_code": "69002"
    },
    {
      "id": 13392,
      "district_id": 174,
      "name": "MERKEZ MAH (YERLİCE KÖYÜ)",
      "area": "MERKEZKÖYLER",
      "postal_code": "69002"
    },
    {
      "id": 13393,
      "district_id": 174,
      "name": "MERKEZ MAH (YONCALI KÖYÜ)",
      "area": "MERKEZKÖYLER",
      "postal_code": "69002"
    },
    {
      "id": 13394,
      "district_id": 174,
      "name": "MUTLU KÖYÜ",
      "area": "MERKEZKÖYLER",
      "postal_code": "69002"
    },
    {
      "id": 13395,
      "district_id": 174,
      "name": "ORTAÇİMAĞIL KÖYÜ",
      "area": "MADEN",
      "postal_code": "69350"
    },
    {
      "id": 13396,
      "district_id": 174,
      "name": "ORTAKOP MAH (KOP KÖYÜ)",
      "area": "MADEN",
      "postal_code": "69350"
    },
    {
      "id": 13397,
      "district_id": 174,
      "name": "ORUÇBEYLİ KÖYÜ",
      "area": "MERKEZKÖYLER",
      "postal_code": "69002"
    },
    {
      "id": 13398,
      "district_id": 174,
      "name": "OZANSU KÖYÜ",
      "area": "MERKEZKÖYLER",
      "postal_code": "69002"
    },
    {
      "id": 13399,
      "district_id": 174,
      "name": "PAMUKTAŞ KÖYÜ",
      "area": "MERKEZKÖYLER",
      "postal_code": "69002"
    },
    {
      "id": 13400,
      "district_id": 174,
      "name": "PELİTLİ KÖYÜ",
      "area": "MERKEZKÖYLER",
      "postal_code": "69002"
    },
    {
      "id": 13401,
      "district_id": 174,
      "name": "PETEKKAYA KÖYÜ",
      "area": "MADEN",
      "postal_code": "69350"
    },
    {
      "id": 13402,
      "district_id": 174,
      "name": "POLATLI KÖYÜ",
      "area": "MERKEZKÖYLER",
      "postal_code": "69002"
    },
    {
      "id": 13403,
      "district_id": 174,
      "name": "RÜŞTÜ KÖYÜ",
      "area": "MERKEZKÖYLER",
      "postal_code": "69002"
    },
    {
      "id": 13404,
      "district_id": 174,
      "name": "SAKIZLI KÖYÜ",
      "area": "MERKEZKÖYLER",
      "postal_code": "69002"
    },
    {
      "id": 13405,
      "district_id": 174,
      "name": "SALKIMSU KÖYÜ",
      "area": "MERKEZKÖYLER",
      "postal_code": "69002"
    },
    {
      "id": 13406,
      "district_id": 174,
      "name": "SARAYCIK KÖYÜ",
      "area": "MERKEZKÖYLER",
      "postal_code": "69002"
    },
    {
      "id": 13407,
      "district_id": 174,
      "name": "SARIHAN KÖYÜ",
      "area": "MERKEZKÖYLER",
      "postal_code": "69002"
    },
    {
      "id": 13408,
      "district_id": 174,
      "name": "SARIMEŞE KÖYÜ",
      "area": "MERKEZKÖYLER",
      "postal_code": "69002"
    },
    {
      "id": 13409,
      "district_id": 174,
      "name": "ŞEHİT METE MAH (ÇAYIRYOLU KÖYÜ)",
      "area": "MERKEZKÖYLER",
      "postal_code": "69002"
    },
    {
      "id": 13410,
      "district_id": 174,
      "name": "ŞEHİTLİK MAH (KOP KÖYÜ)",
      "area": "MADEN",
      "postal_code": "69350"
    },
    {
      "id": 13411,
      "district_id": 174,
      "name": "SEYDİYAKUP KÖYÜ",
      "area": "MERKEZKÖYLER",
      "postal_code": "69002"
    },
    {
      "id": 13412,
      "district_id": 174,
      "name": "ŞEYHHAYRAN MAH",
      "area": "BAYBURT",
      "postal_code": "69010"
    },
    {
      "id": 13413,
      "district_id": 174,
      "name": "SIĞIRCI KÖYÜ",
      "area": "MADEN",
      "postal_code": "69350"
    },
    {
      "id": 13414,
      "district_id": 174,
      "name": "ŞİNGAH MAH",
      "area": "BAYBURT",
      "postal_code": "69010"
    },
    {
      "id": 13415,
      "district_id": 174,
      "name": "SIRAKAYALAR KÖYÜ",
      "area": "MERKEZKÖYLER",
      "postal_code": "69002"
    },
    {
      "id": 13416,
      "district_id": 174,
      "name": "SOĞUKGÖZE KÖYÜ",
      "area": "MERKEZKÖYLER",
      "postal_code": "69002"
    },
    {
      "id": 13417,
      "district_id": 174,
      "name": "SÖĞÜTLÜ KÖYÜ",
      "area": "MERKEZKÖYLER",
      "postal_code": "69002"
    },
    {
      "id": 13418,
      "district_id": 174,
      "name": "TAHT KÖYÜ",
      "area": "MERKEZKÖYLER",
      "postal_code": "69002"
    },
    {
      "id": 13419,
      "district_id": 174,
      "name": "TAŞBURUN KÖYÜ",
      "area": "MERKEZKÖYLER",
      "postal_code": "69002"
    },
    {
      "id": 13420,
      "district_id": 174,
      "name": "TAŞÇILAR KÖYÜ",
      "area": "MADEN",
      "postal_code": "69350"
    },
    {
      "id": 13421,
      "district_id": 174,
      "name": "TAŞIN DİBİ MAH (AŞAĞIÇİMAĞIL KÖYÜ)",
      "area": "MADEN",
      "postal_code": "69350"
    },
    {
      "id": 13422,
      "district_id": 174,
      "name": "TAŞIN DİBİ MAH (ÖRENCE KÖYÜ)",
      "area": "MADEN",
      "postal_code": "69350"
    },
    {
      "id": 13423,
      "district_id": 174,
      "name": "TAŞKESEN KÖYÜ",
      "area": "MERKEZKÖYLER",
      "postal_code": "69002"
    },
    {
      "id": 13424,
      "district_id": 174,
      "name": "TEPETARLA KÖYÜ",
      "area": "MERKEZKÖYLER",
      "postal_code": "69002"
    },
    {
      "id": 13425,
      "district_id": 174,
      "name": "TOMLACIK KÖYÜ",
      "area": "MERKEZKÖYLER",
      "postal_code": "69002"
    },
    {
      "id": 13426,
      "district_id": 174,
      "name": "TUZCUZADE MAH",
      "area": "BAYBURT",
      "postal_code": "69010"
    },
    {
      "id": 13427,
      "district_id": 174,
      "name": "UĞUR MAH (KİTRE KÖYÜ)",
      "area": "MERKEZKÖYLER",
      "postal_code": "69002"
    },
    {
      "id": 13428,
      "district_id": 174,
      "name": "UĞURGELDİ KÖYÜ",
      "area": "MERKEZKÖYLER",
      "postal_code": "69002"
    },
    {
      "id": 13429,
      "district_id": 174,
      "name": "UZUNGAZİ MAH",
      "area": "BAYBURT",
      "postal_code": "69010"
    },
    {
      "id": 13430,
      "district_id": 174,
      "name": "VELİŞABAN MAH",
      "area": "BAYBURT",
      "postal_code": "69010"
    },
    {
      "id": 13431,
      "district_id": 174,
      "name": "VEYSEL MAH",
      "area": "BAYBURT",
      "postal_code": "69010"
    },
    {
      "id": 13432,
      "district_id": 174,
      "name": "Y.ÇERÇİ MAH (ÇERÇİ KÖYÜ)",
      "area": "MERKEZKÖYLER",
      "postal_code": "69002"
    },
    {
      "id": 13433,
      "district_id": 174,
      "name": "YAMALI YAYLASI MAH (YAZYURDU KÖYÜ)",
      "area": "MERKEZKÖYLER",
      "postal_code": "69002"
    },
    {
      "id": 13434,
      "district_id": 174,
      "name": "YANIKÇAM KÖYÜ",
      "area": "MERKEZKÖYLER",
      "postal_code": "69002"
    },
    {
      "id": 13435,
      "district_id": 174,
      "name": "YAVUZ MAH (KONURSU KÖYÜ)",
      "area": "MERKEZKÖYLER",
      "postal_code": "69002"
    },
    {
      "id": 13436,
      "district_id": 174,
      "name": "YAYLA EVLERİ MAH (GÖLOBA KÖYÜ)",
      "area": "MERKEZKÖYLER",
      "postal_code": "69002"
    },
    {
      "id": 13437,
      "district_id": 174,
      "name": "YAYLA EVLERİ MAH (ÜZENGİLİ KÖYÜ)",
      "area": "MERKEZKÖYLER",
      "postal_code": "69002"
    },
    {
      "id": 13438,
      "district_id": 174,
      "name": "YAYLALAR KÖYÜ",
      "area": "MERKEZKÖYLER",
      "postal_code": "69002"
    },
    {
      "id": 13439,
      "district_id": 174,
      "name": "YEDİGÖZE KÖYÜ",
      "area": "MERKEZKÖYLER",
      "postal_code": "69002"
    },
    {
      "id": 13440,
      "district_id": 174,
      "name": "YENİKÖY KÖYÜ",
      "area": "MERKEZKÖYLER",
      "postal_code": "69002"
    },
    {
      "id": 13441,
      "district_id": 174,
      "name": "YEŞİLYURT KÖYÜ",
      "area": "MERKEZKÖYLER",
      "postal_code": "69002"
    },
    {
      "id": 13442,
      "district_id": 174,
      "name": "YOLALTI KÖYÜ",
      "area": "MERKEZKÖYLER",
      "postal_code": "69002"
    },
    {
      "id": 13443,
      "district_id": 174,
      "name": "YOLALTI OSB MAH (YOLALTI KÖYÜ)",
      "area": "MERKEZKÖYLER",
      "postal_code": "69002"
    },
    {
      "id": 13444,
      "district_id": 174,
      "name": "YUKARI DARICA MAH (DARICA KÖYÜ)",
      "area": "MERKEZKÖYLER",
      "postal_code": "69002"
    },
    {
      "id": 13445,
      "district_id": 174,
      "name": "YUKARI GEZ MAH (GEZ KÖYÜ)",
      "area": "MADEN",
      "postal_code": "69350"
    },
    {
      "id": 13446,
      "district_id": 174,
      "name": "YUKARI KOP MAH (KOP KÖYÜ)",
      "area": "MADEN",
      "postal_code": "69350"
    },
    {
      "id": 13447,
      "district_id": 174,
      "name": "YUKARI MASAT MAH (MASAT KÖYÜ)",
      "area": "MADEN",
      "postal_code": "69350"
    },
    {
      "id": 13448,
      "district_id": 174,
      "name": "YUKARI UĞRAK MAH (UĞRAK KÖYÜ)",
      "area": "MERKEZKÖYLER",
      "postal_code": "69002"
    },
    {
      "id": 13449,
      "district_id": 174,
      "name": "YUKARIKIŞLAK KÖYÜ",
      "area": "MERKEZKÖYLER",
      "postal_code": "69002"
    },
    {
      "id": 13450,
      "district_id": 174,
      "name": "ZAHİT MAH",
      "area": "BAYBURT",
      "postal_code": "69010"
    }
  ]
}