{
  "neighborhoods": [
    {
      "id": 34129,
      "district_id": 431,
      "name": "ADETLİ KÖYÜ",
      "area": "MERKEZKÖYLER",
      "postal_code": "76502"
    },
    {
      "id": 34130,
      "district_id": 431,
      "name": "ARAS MAH",
      "area": "ARALIK",
      "postal_code": "76500"
    },
    {
      "id": 34131,
      "district_id": 431,
      "name": "AŞAĞIARATAN KÖYÜ",
      "area": "MERKEZKÖYLER",
      "postal_code": "76502"
    },
    {
      "id": 34132,
      "district_id": 431,
      "name": "AŞAĞIÇAMURLU KÖYÜ",
      "area": "MERKEZKÖYLER",
      "postal_code": "76502"
    },
    {
      "id": 34133,
      "district_id": 431,
      "name": "AŞAĞIÇİFTLİK KÖYÜ",
      "area": "MERKEZKÖYLER",
      "postal_code": "76502"
    },
    {
      "id": 34134,
      "district_id": 431,
      "name": "AŞAĞITOPRAKLI KÖYÜ",
      "area": "MERKEZKÖYLER",
      "postal_code": "76502"
    },
    {
      "id": 34135,
      "district_id": 431,
      "name": "BABACAN KÖYÜ",
      "area": "MERKEZKÖYLER",
      "postal_code": "76502"
    },
    {
      "id": 34136,
      "district_id": 431,
      "name": "EMİNCE KÖYÜ",
      "area": "MERKEZKÖYLER",
      "postal_code": "76502"
    },
    {
      "id": 34137,
      "district_id": 431,
      "name": "ESENKAYA MAH (KARAHACILI KÖYÜ)",
      "area": "MERKEZKÖYLER",
      "postal_code": "76502"
    },
    {
      "id": 34138,
      "district_id": 431,
      "name": "GÖDEKLİ KÖYÜ",
      "area": "MERKEZKÖYLER",
      "postal_code": "76502"
    },
    {
      "id": 34139,
      "district_id": 431,
      "name": "GÖMÜK MAH (TARLABAŞI KÖYÜ)",
      "area": "MERKEZKÖYLER",
      "postal_code": "76502"
    },
    {
      "id": 34140,
      "district_id": 431,
      "name": "HACIAĞA KÖYÜ",
      "area": "MERKEZKÖYLER",
      "postal_code": "76502"
    },
    {
      "id": 34141,
      "district_id": 431,
      "name": "HASANHAN KÖYÜ",
      "area": "MERKEZKÖYLER",
      "postal_code": "76502"
    },
    {
      "id": 34142,
      "district_id": 431,
      "name": "HIDIRLI MAH (ADETLİ KÖYÜ)",
      "area": "MERKEZKÖYLER",
      "postal_code": "76502"
    },
    {
      "id": 34143,
      "district_id": 431,
      "name": "KARAHACILI KÖYÜ",
      "area": "MERKEZKÖYLER",
      "postal_code": "76502"
    },
    {
      "id": 34144,
      "district_id": 431,
      "name": "KARASU MAH",
      "area": "ARALIK",
      "postal_code": "76500"
    },
    {
      "id": 34145,
      "district_id": 431,
      "name": "KARŞIYAKA MAH",
      "area": "ARALIK",
      "postal_code": "76500"
    },
    {
      "id": 34146,
      "district_id": 431,
      "name": "KIRÇİÇEĞİ KÖYÜ",
      "area": "MERKEZKÖYLER",
      "postal_code": "76502"
    },
    {
      "id": 34147,
      "district_id": 431,
      "name": "KOLİKENT KÖYÜ",
      "area": "MERKEZKÖYLER",
      "postal_code": "76502"
    },
    {
      "id": 34148,
      "district_id": 431,
      "name": "KÖPRÜLER MAH",
      "area": "ARALIK",
      "postal_code": "76500"
    },
    {
      "id": 34149,
      "district_id": 431,
      "name": "ORTAKÖY MAH",
      "area": "ARALIK",
      "postal_code": "76500"
    },
    {
      "id": 34150,
      "district_id": 431,
      "name": "ORTALAR MAH (AŞAĞIÇAMURLU KÖYÜ)",
      "area": "MERKEZKÖYLER",
      "postal_code": "76502"
    },
    {
      "id": 34151,
      "district_id": 431,
      "name": "RAMAZANKENT KÖYÜ",
      "area": "MERKEZKÖYLER",
      "postal_code": "76502"
    },
    {
      "id": 34152,
      "district_id": 431,
      "name": "SARAÇLI KÖYÜ",
      "area": "MERKEZKÖYLER",
      "postal_code": "76502"
    },
    {
      "id": 34153,
      "district_id": 431,
      "name": "TARLABAŞI KÖYÜ",
      "area": "MERKEZKÖYLER",
      "postal_code": "76502"
    },
    {
      "id": 34154,
      "district_id": 431,
      "name": "TAZEKÖY KÖYÜ",
      "area": "MERKEZKÖYLER",
      "postal_code": "76502"
    },
    {
      "id": 34155,
      "district_id": 431,
      "name": "TİGEM MAH (EMİNCE KÖYÜ)",
      "area": "MERKEZKÖYLER",
      "postal_code": "76502"
    },
    {
      "id": 34156,
      "district_id": 431,
      "name": "YENİDOĞAN KÖYÜ",
      "area": "MERKEZKÖYLER",
      "postal_code": "76502"
    },
    {
      "id": 34157,
      "district_id": 431,
      "name": "YUKARIARATAN KÖYÜ",
      "area": "MERKEZKÖYLER",
      "postal_code": "76502"
    },
    {
      "id": 34158,
      "district_id": 431,
      "name": "YUKARIÇAMURLU KÖYÜ",
      "area": "MERKEZKÖYLER",
      "postal_code": "76502"
    },
    {
      "id": 34159,
      "district_id": 431,
      "name": "YUKARIÇİFTLİK KÖYÜ",
      "area": "MERKEZKÖYLER",
      "postal_code": "76502"
    },
    {
      "id": 34160,
      "district_id": 431,
      "name": "YUKARITOPRAKLI KÖYÜ",
      "area": "MERKEZKÖYLER",
      "postal_code": "76502"
    },
    {
      "id": 34161,
      "district_id": 432,
      "name": "AKTAŞ KÖYÜ",
      "area": "MERKEZKÖYLER",
      "postal_code": "76702"
    },
    {
      "id": 34162,
      "district_id": 432,
      "name": "AŞAĞIALİCAN KÖYÜ",
      "area": "MERKEZKÖYLER",
      "postal_code": "76702"
    },
    {
      "id": 34163,
      "district_id": 432,
      "name": "BAYATDOĞANŞALI KÖYÜ",
      "area": "MERKEZKÖYLER",
      "postal_code": "76702"
    },
    {
      "id": 34164,
      "district_id": 432,
      "name": "BEKİRHANLI KÖYÜ",
      "area": "MERKEZKÖYLER",
      "postal_code": "76702"
    },
    {
      "id": 34165,
      "district_id": 432,
      "name": "BULAKBAŞI KÖYÜ",
      "area": "MERKEZKÖYLER",
      "postal_code": "76702"
    },
    {
      "id": 34166,
      "district_id": 432,
      "name": "CENNETABAT KÖYÜ",
      "area": "MERKEZKÖYLER",
      "postal_code": "76702"
    },
    {
      "id": 34167,
      "district_id": 432,
      "name": "ERGENEKON MAH",
      "area": "KARAKOYUNLU",
      "postal_code": "76700"
    },
    {
      "id": 34168,
      "district_id": 432,
      "name": "FATİH MAH",
      "area": "KARAKOYUNLU",
      "postal_code": "76700"
    },
    {
      "id": 34169,
      "district_id": 432,
      "name": "GÖKÇELİ KÖYÜ",
      "area": "MERKEZKÖYLER",
      "postal_code": "76702"
    },
    {
      "id": 34170,
      "district_id": 432,
      "name": "GÖLKÖY MAH (GÖLKÖY KÖYÜ)",
      "area": "MERKEZKÖYLER",
      "postal_code": "76702"
    },
    {
      "id": 34171,
      "district_id": 432,
      "name": "İSLAMKÖY KÖYÜ",
      "area": "MERKEZKÖYLER",
      "postal_code": "76702"
    },
    {
      "id": 34172,
      "district_id": 432,
      "name": "KAÇARDOĞANŞALI KÖYÜ",
      "area": "MERKEZKÖYLER",
      "postal_code": "76702"
    },
    {
      "id": 34173,
      "district_id": 432,
      "name": "KERİMBEYLİ KÖYÜ",
      "area": "MERKEZKÖYLER",
      "postal_code": "76702"
    },
    {
      "id": 34174,
      "district_id": 432,
      "name": "KOÇKIRAN KÖYÜ",
      "area": "MERKEZKÖYLER",
      "postal_code": "76702"
    },
    {
      "id": 34175,
      "district_id": 432,
      "name": "MERKEZ MAH (TAŞBURUN KÖYÜ)",
      "area": "MERKEZKÖYLER",
      "postal_code": "76702"
    },
    {
      "id": 34176,
      "district_id": 432,
      "name": "MÜRŞİTALİ KÖYÜ",
      "area": "MERKEZKÖYLER",
      "postal_code": "76702"
    },
    {
      "id": 34177,
      "district_id": 432,
      "name": "ORTA ALİCAN KÖYÜ",
      "area": "MERKEZKÖYLER",
      "postal_code": "76702"
    },
    {
      "id": 34178,
      "district_id": 432,
      "name": "SEFERKULU MAH (ŞIRACI KÖYÜ)",
      "area": "MERKEZKÖYLER",
      "postal_code": "76702"
    },
    {
      "id": 34179,
      "district_id": 432,
      "name": "ŞIRACI KÖYÜ",
      "area": "MERKEZKÖYLER",
      "postal_code": "76702"
    },
    {
      "id": 34180,
      "district_id": 432,
      "name": "YAZLIK KÖYÜ",
      "area": "MERKEZKÖYLER",
      "postal_code": "76702"
    },
    {
      "id": 34181,
      "district_id": 432,
      "name": "YUKARIALİCAN KÖYÜ",
      "area": "MERKEZKÖYLER",
      "postal_code": "76702"
    },
    {
      "id": 34182,
      "district_id": 432,
      "name": "ZÜLFİKARKÖY KÖYÜ",
      "area": "MERKEZKÖYLER",
      "postal_code": "76702"
    },
    {
      "id": 34183,
      "district_id": 433,
      "name": "14 KASIM MAH",
      "area": "IĞDIR",
      "postal_code": "76103"
    },
    {
      "id": 34184,
      "district_id": 433,
      "name": "AĞAVER KÖYÜ",
      "area": "MERKEZKÖYLER",
      "postal_code": "76002"
    },
    {
      "id": 34185,
      "district_id": 433,
      "name": "AKYUMAK KÖYÜ",
      "area": "MERKEZKÖYLER",
      "postal_code": "76002"
    },
    {
      "id": 34186,
      "district_id": 433,
      "name": "ALİ KAMERLİ MAH",
      "area": "IĞDIR",
      "postal_code": "76103"
    },
    {
      "id": 34187,
      "district_id": 433,
      "name": "ALİ KÖÇEK MAH (ZOR KÖYÜ)",
      "area": "MERKEZKÖYLER",
      "postal_code": "76002"
    },
    {
      "id": 34188,
      "district_id": 433,
      "name": "ALİBEYKÖY KÖYÜ",
      "area": "MERKEZKÖYLER",
      "postal_code": "76002"
    },
    {
      "id": 34189,
      "district_id": 433,
      "name": "AŞAĞIÇARIKÇI KÖYÜ",
      "area": "MERKEZKÖYLER",
      "postal_code": "76002"
    },
    {
      "id": 34190,
      "district_id": 433,
      "name": "AŞAĞIERHACI KÖYÜ",
      "area": "MERKEZKÖYLER",
      "postal_code": "76002"
    },
    {
      "id": 34191,
      "district_id": 433,
      "name": "ASMA KÖYÜ",
      "area": "MERKEZKÖYLER",
      "postal_code": "76002"
    },
    {
      "id": 34192,
      "district_id": 433,
      "name": "ATATÜRK MAH",
      "area": "IĞDIR",
      "postal_code": "76103"
    },
    {
      "id": 34193,
      "district_id": 433,
      "name": "BAĞLAR MAH",
      "area": "IĞDIR",
      "postal_code": "76103"
    },
    {
      "id": 34194,
      "district_id": 433,
      "name": "BAHÇELİEVLER MAH (HALFELİ BELDESİ)",
      "area": "HALFELİ",
      "postal_code": "76410"
    },
    {
      "id": 34195,
      "district_id": 433,
      "name": "BAYRAKTUTAN KÖYÜ",
      "area": "MERKEZKÖYLER",
      "postal_code": "76002"
    },
    {
      "id": 34196,
      "district_id": 433,
      "name": "BELALAK MAH (KAVAKTEPE KÖYÜ)",
      "area": "MERKEZKÖYLER",
      "postal_code": "76002"
    },
    {
      "id": 34197,
      "district_id": 433,
      "name": "BENDEMURAT KÖYÜ",
      "area": "MERKEZKÖYLER",
      "postal_code": "76002"
    },
    {
      "id": 34198,
      "district_id": 433,
      "name": "BEZİRHANE MAH (ÇİLLİ KÖYÜ)",
      "area": "MERKEZKÖYLER",
      "postal_code": "76002"
    },
    {
      "id": 34199,
      "district_id": 433,
      "name": "ÇAKIRTAŞ KÖYÜ",
      "area": "MERKEZKÖYLER",
      "postal_code": "76002"
    },
    {
      "id": 34200,
      "district_id": 433,
      "name": "ÇALPALA KÖYÜ",
      "area": "MERKEZKÖYLER",
      "postal_code": "76002"
    },
    {
      "id": 34201,
      "district_id": 433,
      "name": "ÇALPALAOSB MAH (ÇALPALA KÖYÜ)",
      "area": "MERKEZKÖYLER",
      "postal_code": "76002"
    },
    {
      "id": 34202,
      "district_id": 433,
      "name": "ÇİKO MAH (ÇİLLİ KÖYÜ)",
      "area": "MERKEZKÖYLER",
      "postal_code": "76002"
    },
    {
      "id": 34203,
      "district_id": 433,
      "name": "ÇİLLİ KÖYÜ",
      "area": "MERKEZKÖYLER",
      "postal_code": "76002"
    },
    {
      "id": 34204,
      "district_id": 433,
      "name": "CUMHURİYET MAH",
      "area": "IĞDIR",
      "postal_code": "76103"
    },
    {
      "id": 34205,
      "district_id": 433,
      "name": "ELMAGÖL KÖYÜ",
      "area": "MERKEZKÖYLER",
      "postal_code": "76002"
    },
    {
      "id": 34206,
      "district_id": 433,
      "name": "EMEK MAH",
      "area": "IĞDIR",
      "postal_code": "76103"
    },
    {
      "id": 34207,
      "district_id": 433,
      "name": "ENGİNALAN KÖYÜ",
      "area": "MERKEZKÖYLER",
      "postal_code": "76002"
    },
    {
      "id": 34208,
      "district_id": 433,
      "name": "EVCİ KÖYÜ",
      "area": "MERKEZKÖYLER",
      "postal_code": "76002"
    },
    {
      "id": 34209,
      "district_id": 433,
      "name": "FARUKTOKA MAH (HOŞHABER BELDESİ)",
      "area": "HOŞHABER",
      "postal_code": "76420"
    },
    {
      "id": 34210,
      "district_id": 433,
      "name": "GÜLPINAR KÖYÜ",
      "area": "MERKEZKÖYLER",
      "postal_code": "76002"
    },
    {
      "id": 34211,
      "district_id": 433,
      "name": "GÜNGÖRMEZ KÖYÜ",
      "area": "MERKEZKÖYLER",
      "postal_code": "76002"
    },
    {
      "id": 34212,
      "district_id": 433,
      "name": "HAKMEHMET KÖYÜ",
      "area": "MERKEZKÖYLER",
      "postal_code": "76002"
    },
    {
      "id": 34213,
      "district_id": 433,
      "name": "HAKVEYİS MAH",
      "area": "IĞDIR",
      "postal_code": "76103"
    },
    {
      "id": 34214,
      "district_id": 433,
      "name": "HARMANDÖVEN KÖYÜ",
      "area": "MERKEZKÖYLER",
      "postal_code": "76002"
    },
    {
      "id": 34215,
      "district_id": 433,
      "name": "HOCA İBRAHİM GÜNEŞ MAH (HOŞHABER BELDESİ)",
      "area": "HOŞHABER",
      "postal_code": "76420"
    },
    {
      "id": 34216,
      "district_id": 433,
      "name": "KADIKIŞLAK KÖYÜ",
      "area": "MERKEZKÖYLER",
      "postal_code": "76002"
    },
    {
      "id": 34217,
      "district_id": 433,
      "name": "KANAL YOLU MAH (ENGİNALAN KÖYÜ)",
      "area": "MERKEZKÖYLER",
      "postal_code": "76002"
    },
    {
      "id": 34218,
      "district_id": 433,
      "name": "KARAAĞAÇ MAH",
      "area": "IĞDIR",
      "postal_code": "76103"
    },
    {
      "id": 34219,
      "district_id": 433,
      "name": "KARABAĞ MAH (MELEKLİ BELDESİ)",
      "area": "MELEKLİ",
      "postal_code": "76401"
    },
    {
      "id": 34220,
      "district_id": 433,
      "name": "KARAGÜNEY KÖYÜ",
      "area": "MERKEZKÖYLER",
      "postal_code": "76002"
    },
    {
      "id": 34221,
      "district_id": 433,
      "name": "KARAHİSAR MAH (TAŞLICA KÖYÜ)",
      "area": "MERKEZKÖYLER",
      "postal_code": "76002"
    },
    {
      "id": 34222,
      "district_id": 433,
      "name": "KARAKUYU KÖYÜ",
      "area": "MERKEZKÖYLER",
      "postal_code": "76002"
    },
    {
      "id": 34223,
      "district_id": 433,
      "name": "KASIMCAN KÖYÜ",
      "area": "MERKEZKÖYLER",
      "postal_code": "76002"
    },
    {
      "id": 34224,
      "district_id": 433,
      "name": "KAVAKTEPE KÖYÜ",
      "area": "MERKEZKÖYLER",
      "postal_code": "76002"
    },
    {
      "id": 34225,
      "district_id": 433,
      "name": "KAZANCI KÖYÜ",
      "area": "MERKEZKÖYLER",
      "postal_code": "76002"
    },
    {
      "id": 34226,
      "district_id": 433,
      "name": "KERVANSARAY MAH (HARMANDÖVEN KÖYÜ)",
      "area": "MERKEZKÖYLER",
      "postal_code": "76002"
    },
    {
      "id": 34227,
      "district_id": 433,
      "name": "KIZILKULE MAH (GÜNGÖRMEZ KÖYÜ)",
      "area": "MERKEZKÖYLER",
      "postal_code": "76002"
    },
    {
      "id": 34228,
      "district_id": 433,
      "name": "KONAKLI MAH",
      "area": "IĞDIR",
      "postal_code": "76103"
    },
    {
      "id": 34229,
      "district_id": 433,
      "name": "KÖPRÜKÖY MAH (ÇİLLİ KÖYÜ)",
      "area": "MERKEZKÖYLER",
      "postal_code": "76002"
    },
    {
      "id": 34230,
      "district_id": 433,
      "name": "KORHAN MAH (SUVEREN KÖYÜ)",
      "area": "MERKEZKÖYLER",
      "postal_code": "76002"
    },
    {
      "id": 34231,
      "district_id": 433,
      "name": "KUÇ MAH (MEZRAA KÖYÜ)",
      "area": "MERKEZKÖYLER",
      "postal_code": "76002"
    },
    {
      "id": 34232,
      "district_id": 433,
      "name": "KÜLLÜK KÖYÜ",
      "area": "MERKEZKÖYLER",
      "postal_code": "76002"
    },
    {
      "id": 34233,
      "district_id": 433,
      "name": "KUZUGÜDEN KÖYÜ",
      "area": "MERKEZKÖYLER",
      "postal_code": "76002"
    },
    {
      "id": 34234,
      "district_id": 433,
      "name": "MEHMET AKİF ERSOY MAH (MELEKLİ BELDESİ)",
      "area": "MELEKLİ",
      "postal_code": "76401"
    },
    {
      "id": 34235,
      "district_id": 433,
      "name": "MEZRAA KÖYÜ",
      "area": "MERKEZKÖYLER",
      "postal_code": "76002"
    },
    {
      "id": 34236,
      "district_id": 433,
      "name": "MİRZA MAH (KAVAKTEPE KÖYÜ)",
      "area": "MERKEZKÖYLER",
      "postal_code": "76002"
    },
    {
      "id": 34237,
      "district_id": 433,
      "name": "NAMIK KEMAL MAH (MELEKLİ BELDESİ)",
      "area": "MELEKLİ",
      "postal_code": "76401"
    },
    {
      "id": 34238,
      "district_id": 433,
      "name": "NECEFALİ KÖYÜ",
      "area": "MERKEZKÖYLER",
      "postal_code": "76002"
    },
    {
      "id": 34239,
      "district_id": 433,
      "name": "NİŞANKAYA KÖYÜ",
      "area": "MERKEZKÖYLER",
      "postal_code": "76002"
    },
    {
      "id": 34240,
      "district_id": 433,
      "name": "OBAKÖY KÖYÜ",
      "area": "MERKEZKÖYLER",
      "postal_code": "76002"
    },
    {
      "id": 34241,
      "district_id": 433,
      "name": "ÖRÜŞMÜŞ KÖYÜ",
      "area": "MERKEZKÖYLER",
      "postal_code": "76002"
    },
    {
      "id": 34242,
      "district_id": 433,
      "name": "ÖZGÜR MAH",
      "area": "IĞDIR",
      "postal_code": "76103"
    },
    {
      "id": 34243,
      "district_id": 433,
      "name": "ÖZVATAN MAH (HALFELİ BELDESİ)",
      "area": "HALFELİ",
      "postal_code": "76410"
    },
    {
      "id": 34244,
      "district_id": 433,
      "name": "PANİK KÖYÜ",
      "area": "MERKEZKÖYLER",
      "postal_code": "76002"
    },
    {
      "id": 34245,
      "district_id": 433,
      "name": "PINARBAŞI KÖYÜ",
      "area": "MERKEZKÖYLER",
      "postal_code": "76002"
    },
    {
      "id": 34246,
      "district_id": 433,
      "name": "PİR SULTAN ABDAL MAH",
      "area": "IĞDIR",
      "postal_code": "76103"
    },
    {
      "id": 34247,
      "district_id": 433,
      "name": "SAİD NURSİ MAH (HALFELİ BELDESİ)",
      "area": "HALFELİ",
      "postal_code": "76410"
    },
    {
      "id": 34248,
      "district_id": 433,
      "name": "ŞANLIMIRZA MAH (SUVEREN KÖYÜ)",
      "area": "MERKEZKÖYLER",
      "postal_code": "76002"
    },
    {
      "id": 34249,
      "district_id": 433,
      "name": "SARIÇOBAN KÖYÜ",
      "area": "MERKEZKÖYLER",
      "postal_code": "76002"
    },
    {
      "id": 34250,
      "district_id": 433,
      "name": "SÖĞÜTLÜ MAH",
      "area": "IĞDIR",
      "postal_code": "76103"
    },
    {
      "id": 34251,
      "district_id": 433,
      "name": "SUVEREN KÖYÜ",
      "area": "MERKEZKÖYLER",
      "postal_code": "76002"
    },
    {
      "id": 34252,
      "district_id": 433,
      "name": "TACİRLİ KÖYÜ",
      "area": "MERKEZKÖYLER",
      "postal_code": "76002"
    },
    {
      "id": 34253,
      "district_id": 433,
      "name": "TAŞLICA KÖYÜ",
      "area": "MERKEZKÖYLER",
      "postal_code": "76002"
    },
    {
      "id": 34254,
      "district_id": 433,
      "name": "TOPÇULAR MAH",
      "area": "IĞDIR",
      "postal_code": "76103"
    },
    {
      "id": 34255,
      "district_id": 433,
      "name": "TURGUT ÖZAL MAH (HALFELİ BELDESİ)",
      "area": "HALFELİ",
      "postal_code": "76410"
    },
    {
      "id": 34256,
      "district_id": 433,
      "name": "YAYCI KÖYÜ",
      "area": "MERKEZKÖYLER",
      "postal_code": "76002"
    },
    {
      "id": 34257,
      "district_id": 433,
      "name": "YENİ MAH",
      "area": "IĞDIR",
      "postal_code": "76103"
    },
    {
      "id": 34258,
      "district_id": 433,
      "name": "YENİ MAH (HOŞHABER BELDESİ)",
      "area": "HOŞHABER",
      "postal_code": "76420"
    },
    {
      "id": 34259,
      "district_id": 433,
      "name": "YUKARIÇARIKCI KÖYÜ",
      "area": "MERKEZKÖYLER",
      "postal_code": "76002"
    },
    {
      "id": 34260,
      "district_id": 433,
      "name": "YUKARIERHACI MAH (AŞAĞIERHACI KÖYÜ)",
      "area": "MERKEZKÖYLER",
      "postal_code": "76002"
    },
    {
      "id": 34261,
      "district_id": 433,
      "name": "YUNUS EMRE MAH (HALFELİ BELDESİ)",
      "area": "HALFELİ",
      "postal_code": "76410"
    },
    {
      "id": 34262,
      "district_id": 433,
      "name": "YÜZBAŞILAR KÖYÜ",
      "area": "MERKEZKÖYLER",
      "postal_code": "76002"
    },
    {
      "id": 34263,
      "district_id": 433,
      "name": "ZOR KÖYÜ",
      "area": "MERKEZKÖYLER",
      "postal_code": "76002"
    },
    {
      "id": 34264,
      "district_id": 434,
      "name": "ABBASGÖL KÖYÜ",
      "area": "MERKEZKÖYLER",
      "postal_code": "76902"
    },
    {
      "id": 34265,
      "district_id": 434,
      "name": "ADALET MAH (CANDERVİŞ KÖYÜ)",
      "area": "MERKEZKÖYLER",
      "postal_code": "76902"
    },
    {
      "id": 34266,
      "district_id": 434,
      "name": "AFET KONUTLARI MAH (KULA KÖYÜ)",
      "area": "MERKEZKÖYLER",
      "postal_code": "76902"
    },
    {
      "id": 34267,
      "district_id": 434,
      "name": "AĞABEY KÖYÜ",
      "area": "MERKEZKÖYLER",
      "postal_code": "76902"
    },
    {
      "id": 34268,
      "district_id": 434,
      "name": "AKDEĞİRMEN KÖYÜ",
      "area": "MERKEZKÖYLER",
      "postal_code": "76902"
    },
    {
      "id": 34269,
      "district_id": 434,
      "name": "AKDİZ KÖYÜ",
      "area": "MERKEZKÖYLER",
      "postal_code": "76902"
    },
    {
      "id": 34270,
      "district_id": 434,
      "name": "AKOLUK KÖYÜ",
      "area": "MERKEZKÖYLER",
      "postal_code": "76902"
    },
    {
      "id": 34271,
      "district_id": 434,
      "name": "ALÇALI MAH (KAYAÖREN KÖYÜ)",
      "area": "MERKEZKÖYLER",
      "postal_code": "76902"
    },
    {
      "id": 34272,
      "district_id": 434,
      "name": "ALHANLI KÖYÜ",
      "area": "MERKEZKÖYLER",
      "postal_code": "76902"
    },
    {
      "id": 34273,
      "district_id": 434,
      "name": "ALİKÖSE KÖYÜ",
      "area": "MERKEZKÖYLER",
      "postal_code": "76902"
    },
    {
      "id": 34274,
      "district_id": 434,
      "name": "ARSLANLI KÖYÜ",
      "area": "MERKEZKÖYLER",
      "postal_code": "76902"
    },
    {
      "id": 34275,
      "district_id": 434,
      "name": "AŞAĞI ÇIYRIKLI KÖYÜ",
      "area": "MERKEZKÖYLER",
      "postal_code": "76902"
    },
    {
      "id": 34276,
      "district_id": 434,
      "name": "AŞAĞI MAH",
      "area": "TUZLUCA",
      "postal_code": "76900"
    },
    {
      "id": 34277,
      "district_id": 434,
      "name": "AŞAĞIAKTAŞ KÖYÜ",
      "area": "MERKEZKÖYLER",
      "postal_code": "76902"
    },
    {
      "id": 34278,
      "district_id": 434,
      "name": "AŞAĞICİVANLI KÖYÜ",
      "area": "MERKEZKÖYLER",
      "postal_code": "76902"
    },
    {
      "id": 34279,
      "district_id": 434,
      "name": "AŞAĞIKATIRLI KÖYÜ",
      "area": "MERKEZKÖYLER",
      "postal_code": "76902"
    },
    {
      "id": 34280,
      "district_id": 434,
      "name": "AŞAĞISUTAŞLI KÖYÜ",
      "area": "MERKEZKÖYLER",
      "postal_code": "76902"
    },
    {
      "id": 34281,
      "district_id": 434,
      "name": "AŞIK HÜSEYİN MAH (AŞAĞIKATIRLI KÖYÜ)",
      "area": "MERKEZKÖYLER",
      "postal_code": "76902"
    },
    {
      "id": 34282,
      "district_id": 434,
      "name": "BADILLI KÖYÜ",
      "area": "MERKEZKÖYLER",
      "postal_code": "76902"
    },
    {
      "id": 34283,
      "district_id": 434,
      "name": "BAĞLAN KÖYÜ",
      "area": "MERKEZKÖYLER",
      "postal_code": "76902"
    },
    {
      "id": 34284,
      "district_id": 434,
      "name": "BAHÇECİK KÖYÜ",
      "area": "MERKEZKÖYLER",
      "postal_code": "76902"
    },
    {
      "id": 34285,
      "district_id": 434,
      "name": "BAHÇELİMEYDAN KÖYÜ",
      "area": "MERKEZKÖYLER",
      "postal_code": "76902"
    },
    {
      "id": 34286,
      "district_id": 434,
      "name": "BAŞSİNEK MAH (OMBULAK KÖYÜ)",
      "area": "MERKEZKÖYLER",
      "postal_code": "76902"
    },
    {
      "id": 34287,
      "district_id": 434,
      "name": "BEYOĞLU KÖYÜ",
      "area": "MERKEZKÖYLER",
      "postal_code": "76902"
    },
    {
      "id": 34288,
      "district_id": 434,
      "name": "BOSTANLI KÖYÜ",
      "area": "MERKEZKÖYLER",
      "postal_code": "76902"
    },
    {
      "id": 34289,
      "district_id": 434,
      "name": "BOYLUCA MAH (YAĞLI KÖYÜ)",
      "area": "MERKEZKÖYLER",
      "postal_code": "76902"
    },
    {
      "id": 34290,
      "district_id": 434,
      "name": "BURUKSU KÖYÜ",
      "area": "MERKEZKÖYLER",
      "postal_code": "76902"
    },
    {
      "id": 34291,
      "district_id": 434,
      "name": "CANDERVİŞ KÖYÜ",
      "area": "MERKEZKÖYLER",
      "postal_code": "76902"
    },
    {
      "id": 34292,
      "district_id": 434,
      "name": "ÇİÇEKLİ KÖYÜ",
      "area": "MERKEZKÖYLER",
      "postal_code": "76902"
    },
    {
      "id": 34293,
      "district_id": 434,
      "name": "ÇIRAKLI KÖYÜ",
      "area": "MERKEZKÖYLER",
      "postal_code": "76902"
    },
    {
      "id": 34294,
      "district_id": 434,
      "name": "CUMHURİYET MAH",
      "area": "TUZLUCA",
      "postal_code": "76900"
    },
    {
      "id": 34295,
      "district_id": 434,
      "name": "DEĞİRMEN MAH (SÜRMELİ KÖYÜ)",
      "area": "MERKEZKÖYLER",
      "postal_code": "76902"
    },
    {
      "id": 34296,
      "district_id": 434,
      "name": "DİPSİZ MAH (BAHÇECİK KÖYÜ)",
      "area": "MERKEZKÖYLER",
      "postal_code": "76902"
    },
    {
      "id": 34297,
      "district_id": 434,
      "name": "DOĞANYURT KÖYÜ",
      "area": "MERKEZKÖYLER",
      "postal_code": "76902"
    },
    {
      "id": 34298,
      "district_id": 434,
      "name": "EĞREKDERE KÖYÜ",
      "area": "MERKEZKÖYLER",
      "postal_code": "76902"
    },
    {
      "id": 34299,
      "district_id": 434,
      "name": "ELMALIK KÖYÜ",
      "area": "MERKEZKÖYLER",
      "postal_code": "76902"
    },
    {
      "id": 34300,
      "district_id": 434,
      "name": "GAZİLER KÖYÜ",
      "area": "MERKEZKÖYLER",
      "postal_code": "76902"
    },
    {
      "id": 34301,
      "district_id": 434,
      "name": "GEDİKLİ KÖYÜ",
      "area": "MERKEZKÖYLER",
      "postal_code": "76902"
    },
    {
      "id": 34302,
      "district_id": 434,
      "name": "GÖKTAŞ KÖYÜ",
      "area": "MERKEZKÖYLER",
      "postal_code": "76902"
    },
    {
      "id": 34303,
      "district_id": 434,
      "name": "GÜLAHMET MAH (YAĞLI KÖYÜ)",
      "area": "MERKEZKÖYLER",
      "postal_code": "76902"
    },
    {
      "id": 34304,
      "district_id": 434,
      "name": "GÜLLÜCE KÖYÜ",
      "area": "MERKEZKÖYLER",
      "postal_code": "76902"
    },
    {
      "id": 34305,
      "district_id": 434,
      "name": "GÜLTEPE MAH (GÜLLÜCE KÖYÜ)",
      "area": "MERKEZKÖYLER",
      "postal_code": "76902"
    },
    {
      "id": 34306,
      "district_id": 434,
      "name": "GÜZELDERE KÖYÜ",
      "area": "MERKEZKÖYLER",
      "postal_code": "76902"
    },
    {
      "id": 34307,
      "district_id": 434,
      "name": "HADIMLI KÖYÜ",
      "area": "MERKEZKÖYLER",
      "postal_code": "76902"
    },
    {
      "id": 34308,
      "district_id": 434,
      "name": "HAMURKESEN KÖYÜ",
      "area": "MERKEZKÖYLER",
      "postal_code": "76902"
    },
    {
      "id": 34309,
      "district_id": 434,
      "name": "HASANKENT KÖYÜ",
      "area": "MERKEZKÖYLER",
      "postal_code": "76902"
    },
    {
      "id": 34310,
      "district_id": 434,
      "name": "İNCE KÖYÜ",
      "area": "MERKEZKÖYLER",
      "postal_code": "76902"
    },
    {
      "id": 34311,
      "district_id": 434,
      "name": "İNCESU KÖYÜ",
      "area": "MERKEZKÖYLER",
      "postal_code": "76902"
    },
    {
      "id": 34312,
      "district_id": 434,
      "name": "KALAÇ KÖYÜ",
      "area": "MERKEZKÖYLER",
      "postal_code": "76902"
    },
    {
      "id": 34313,
      "district_id": 434,
      "name": "KAMIŞLI KÖYÜ",
      "area": "MERKEZKÖYLER",
      "postal_code": "76902"
    },
    {
      "id": 34314,
      "district_id": 434,
      "name": "KANDİLLİ KÖYÜ",
      "area": "MERKEZKÖYLER",
      "postal_code": "76902"
    },
    {
      "id": 34315,
      "district_id": 434,
      "name": "KARABULAK KÖYÜ",
      "area": "MERKEZKÖYLER",
      "postal_code": "76902"
    },
    {
      "id": 34316,
      "district_id": 434,
      "name": "KARACAÖREN KÖYÜ",
      "area": "MERKEZKÖYLER",
      "postal_code": "76902"
    },
    {
      "id": 34317,
      "district_id": 434,
      "name": "KARAGÜNEY MAH (DOĞANYURT KÖYÜ)",
      "area": "MERKEZKÖYLER",
      "postal_code": "76902"
    },
    {
      "id": 34318,
      "district_id": 434,
      "name": "KARAKOYUN KÖYÜ",
      "area": "MERKEZKÖYLER",
      "postal_code": "76902"
    },
    {
      "id": 34319,
      "district_id": 434,
      "name": "KARANLIK KÖYÜ",
      "area": "MERKEZKÖYLER",
      "postal_code": "76902"
    },
    {
      "id": 34320,
      "district_id": 434,
      "name": "KARATAŞ KÖYÜ",
      "area": "MERKEZKÖYLER",
      "postal_code": "76902"
    },
    {
      "id": 34321,
      "district_id": 434,
      "name": "KAYAKIŞLAK KÖYÜ",
      "area": "MERKEZKÖYLER",
      "postal_code": "76902"
    },
    {
      "id": 34322,
      "district_id": 434,
      "name": "KAYAÖREN KÖYÜ",
      "area": "MERKEZKÖYLER",
      "postal_code": "76902"
    },
    {
      "id": 34323,
      "district_id": 434,
      "name": "KAZKOPARAN KÖYÜ",
      "area": "MERKEZKÖYLER",
      "postal_code": "76902"
    },
    {
      "id": 34324,
      "district_id": 434,
      "name": "KELEKLİ KÖYÜ",
      "area": "MERKEZKÖYLER",
      "postal_code": "76902"
    },
    {
      "id": 34325,
      "district_id": 434,
      "name": "KILIÇLI KÖYÜ",
      "area": "MERKEZKÖYLER",
      "postal_code": "76902"
    },
    {
      "id": 34326,
      "district_id": 434,
      "name": "KIRKBULAK KÖYÜ",
      "area": "MERKEZKÖYLER",
      "postal_code": "76902"
    },
    {
      "id": 34327,
      "district_id": 434,
      "name": "KIZILDÜZ MAH (HADIMLI KÖYÜ)",
      "area": "MERKEZKÖYLER",
      "postal_code": "76902"
    },
    {
      "id": 34328,
      "district_id": 434,
      "name": "KIZILKELEFE MAH (YAĞLI KÖYÜ)",
      "area": "MERKEZKÖYLER",
      "postal_code": "76902"
    },
    {
      "id": 34329,
      "district_id": 434,
      "name": "KIZNEFER KÖYÜ",
      "area": "MERKEZKÖYLER",
      "postal_code": "76902"
    },
    {
      "id": 34330,
      "district_id": 434,
      "name": "KOÇBAŞI MAH (TAŞUÇAN KÖYÜ)",
      "area": "MERKEZKÖYLER",
      "postal_code": "76902"
    },
    {
      "id": 34331,
      "district_id": 434,
      "name": "KONAKLI MAH (OMBULAK KÖYÜ)",
      "area": "MERKEZKÖYLER",
      "postal_code": "76902"
    },
    {
      "id": 34332,
      "district_id": 434,
      "name": "KÖPRÜBAŞI KÖYÜ",
      "area": "MERKEZKÖYLER",
      "postal_code": "76902"
    },
    {
      "id": 34333,
      "district_id": 434,
      "name": "KÜÇÜKOVA KÖYÜ",
      "area": "MERKEZKÖYLER",
      "postal_code": "76902"
    },
    {
      "id": 34334,
      "district_id": 434,
      "name": "KULA KÖYÜ",
      "area": "MERKEZKÖYLER",
      "postal_code": "76902"
    },
    {
      "id": 34335,
      "district_id": 434,
      "name": "KUMBULAK KÖYÜ",
      "area": "MERKEZKÖYLER",
      "postal_code": "76902"
    },
    {
      "id": 34336,
      "district_id": 434,
      "name": "KURUAĞAÇ KÖYÜ",
      "area": "MERKEZKÖYLER",
      "postal_code": "76902"
    },
    {
      "id": 34337,
      "district_id": 434,
      "name": "LALELİ KÖYÜ",
      "area": "MERKEZKÖYLER",
      "postal_code": "76902"
    },
    {
      "id": 34338,
      "district_id": 434,
      "name": "LEBİ MAH (KALAÇ KÖYÜ)",
      "area": "MERKEZKÖYLER",
      "postal_code": "76902"
    },
    {
      "id": 34339,
      "district_id": 434,
      "name": "MOLLAKAMER KÖYÜ",
      "area": "MERKEZKÖYLER",
      "postal_code": "76902"
    },
    {
      "id": 34340,
      "district_id": 434,
      "name": "NAHIRKIRAN KÖYÜ",
      "area": "MERKEZKÖYLER",
      "postal_code": "76902"
    },
    {
      "id": 34341,
      "district_id": 434,
      "name": "OMBULAK KÖYÜ",
      "area": "MERKEZKÖYLER",
      "postal_code": "76902"
    },
    {
      "id": 34342,
      "district_id": 434,
      "name": "ORTA MAH",
      "area": "TUZLUCA",
      "postal_code": "76900"
    },
    {
      "id": 34343,
      "district_id": 434,
      "name": "ORTABUCAK KÖYÜ",
      "area": "MERKEZKÖYLER",
      "postal_code": "76902"
    },
    {
      "id": 34344,
      "district_id": 434,
      "name": "OSMANKÖY KÖYÜ",
      "area": "MERKEZKÖYLER",
      "postal_code": "76902"
    },
    {
      "id": 34345,
      "district_id": 434,
      "name": "PINAR MAH (ABBASGÖL KÖYÜ)",
      "area": "MERKEZKÖYLER",
      "postal_code": "76902"
    },
    {
      "id": 34346,
      "district_id": 434,
      "name": "PİRDEMİR KÖYÜ",
      "area": "MERKEZKÖYLER",
      "postal_code": "76902"
    },
    {
      "id": 34347,
      "district_id": 434,
      "name": "PİRLİ MAH (SÜRMELİ KÖYÜ)",
      "area": "MERKEZKÖYLER",
      "postal_code": "76902"
    },
    {
      "id": 34348,
      "district_id": 434,
      "name": "RAĞBET MAH (BAHÇECİK KÖYÜ)",
      "area": "MERKEZKÖYLER",
      "postal_code": "76902"
    },
    {
      "id": 34349,
      "district_id": 434,
      "name": "SARIABDAL KÖYÜ",
      "area": "MERKEZKÖYLER",
      "postal_code": "76902"
    },
    {
      "id": 34350,
      "district_id": 434,
      "name": "SARIBULAK KÖYÜ",
      "area": "MERKEZKÖYLER",
      "postal_code": "76902"
    },
    {
      "id": 34351,
      "district_id": 434,
      "name": "SOĞUKBULAK KÖYÜ",
      "area": "MERKEZKÖYLER",
      "postal_code": "76902"
    },
    {
      "id": 34352,
      "district_id": 434,
      "name": "SÖĞÜTLÜ KÖYÜ",
      "area": "MERKEZKÖYLER",
      "postal_code": "76902"
    },
    {
      "id": 34353,
      "district_id": 434,
      "name": "SÜRMELİ KÖYÜ",
      "area": "MERKEZKÖYLER",
      "postal_code": "76902"
    },
    {
      "id": 34354,
      "district_id": 434,
      "name": "TAŞKÖPRÜ MAH (KANDİLLİ KÖYÜ)",
      "area": "MERKEZKÖYLER",
      "postal_code": "76902"
    },
    {
      "id": 34355,
      "district_id": 434,
      "name": "TAŞUÇAN KÖYÜ",
      "area": "MERKEZKÖYLER",
      "postal_code": "76902"
    },
    {
      "id": 34356,
      "district_id": 434,
      "name": "TEZEKÇİ KÖYÜ",
      "area": "MERKEZKÖYLER",
      "postal_code": "76902"
    },
    {
      "id": 34357,
      "district_id": 434,
      "name": "TURABİ KÖYÜ",
      "area": "MERKEZKÖYLER",
      "postal_code": "76902"
    },
    {
      "id": 34358,
      "district_id": 434,
      "name": "TUTAK KÖYÜ",
      "area": "MERKEZKÖYLER",
      "postal_code": "76902"
    },
    {
      "id": 34359,
      "district_id": 434,
      "name": "ÜÇKAYA KÖYÜ",
      "area": "MERKEZKÖYLER",
      "postal_code": "76902"
    },
    {
      "id": 34360,
      "district_id": 434,
      "name": "UĞRUCA KÖYÜ",
      "area": "MERKEZKÖYLER",
      "postal_code": "76902"
    },
    {
      "id": 34361,
      "district_id": 434,
      "name": "ÜNLENDİ KÖYÜ",
      "area": "MERKEZKÖYLER",
      "postal_code": "76902"
    },
    {
      "id": 34362,
      "district_id": 434,
      "name": "YAĞLI KÖYÜ",
      "area": "MERKEZKÖYLER",
      "postal_code": "76902"
    },
    {
      "id": 34363,
      "district_id": 434,
      "name": "YASSIBULAK KÖYÜ",
      "area": "MERKEZKÖYLER",
      "postal_code": "76902"
    },
    {
      "id": 34364,
      "district_id": 434,
      "name": "YAYLACIK KÖYÜ",
      "area": "MERKEZKÖYLER",
      "postal_code": "76902"
    },
    {
      "id": 34365,
      "district_id": 434,
      "name": "YENİ MAH",
      "area": "TUZLUCA",
      "postal_code": "76900"
    },
    {
      "id": 34366,
      "district_id": 434,
      "name": "YENİKÖY MAH (GÖKTAŞ KÖYÜ)",
      "area": "MERKEZKÖYLER",
      "postal_code": "76902"
    },
    {
      "id": 34367,
      "district_id": 434,
      "name": "YENİKÖY MAH (OMBULAK KÖYÜ)",
      "area": "MERKEZKÖYLER",
      "postal_code": "76902"
    },
    {
      "id": 34368,
      "district_id": 434,
      "name": "YÜCEOTAK KÖYÜ",
      "area": "MERKEZKÖYLER",
      "postal_code": "76902"
    },
    {
      "id": 34369,
      "district_id": 434,
      "name": "YUKARI MAH",
      "area": "TUZLUCA",
      "postal_code": "76900"
    },
    {
      "id": 34370,
      "district_id": 434,
      "name": "YUKARI SUTAŞI MAH (AŞAĞISUTAŞLI KÖYÜ)",
      "area": "MERKEZKÖYLER",
      "postal_code": "76902"
    },
    {
      "id": 34371,
      "district_id": 434,
      "name": "YUKARIAKTAŞ KÖYÜ",
      "area": "MERKEZKÖYLER",
      "postal_code": "76902"
    },
    {
      "id": 34372,
      "district_id": 434,
      "name": "YUKARICİVANLI KÖYÜ",
      "area": "MERKEZKÖYLER",
      "postal_code": "76902"
    },
    {
      "id": 34373,
      "district_id": 434,
      "name": "YUKARIÇIYRIKLI MAH (AŞAĞI ÇIYRIKLI KÖYÜ)",
      "area": "MERKEZKÖYLER",
      "postal_code": "76902"
    },
    {
      "id": 34374,
      "district_id": 434,
      "name": "ZARİFHANE MAH (OMBULAK KÖYÜ)",
      "area": "MERKEZKÖYLER",
      "postal_code": "76902"
    }
  ]
}