{
  "neighborhoods": [
    {
      "id": 45356,
      "district_id": 593,
      "name": "AĞAYERİ KÖYÜ",
      "area": "MERKEZKÖYLER",
      "postal_code": "39202"
    },
    {
      "id": 45357,
      "district_id": 593,
      "name": "ATATÜRK MAH",
      "area": "BABAESKİ",
      "postal_code": "39200"
    },
    {
      "id": 45358,
      "district_id": 593,
      "name": "ATATÜRK MAH (SİNANLI KÖYÜ)",
      "area": "MERKEZKÖYLER",
      "postal_code": "39202"
    },
    {
      "id": 45359,
      "district_id": 593,
      "name": "BİRLİK MAH (KARAHALİL BELDESİ)",
      "area": "KARAHALİL",
      "postal_code": "39240"
    },
    {
      "id": 45360,
      "district_id": 593,
      "name": "ÇAVUŞKÖY KÖYÜ",
      "area": "MERKEZKÖYLER",
      "postal_code": "39202"
    },
    {
      "id": 45361,
      "district_id": 593,
      "name": "ÇENGERLİ KÖYÜ",
      "area": "MERKEZKÖYLER",
      "postal_code": "39202"
    },
    {
      "id": 45362,
      "district_id": 593,
      "name": "ÇİĞDEMLİ KÖYÜ",
      "area": "MERKEZKÖYLER",
      "postal_code": "39202"
    },
    {
      "id": 45363,
      "district_id": 593,
      "name": "CUMHURİYET MAH",
      "area": "BABAESKİ",
      "postal_code": "39200"
    },
    {
      "id": 45364,
      "district_id": 593,
      "name": "CUMHURİYET MAH (SİNANLI KÖYÜ)",
      "area": "MERKEZKÖYLER",
      "postal_code": "39202"
    },
    {
      "id": 45365,
      "district_id": 593,
      "name": "DEMİRKAPI MAH (KARAHALİL BELDESİ)",
      "area": "KARAHALİL",
      "postal_code": "39240"
    },
    {
      "id": 45366,
      "district_id": 593,
      "name": "DİNDOĞRU MAH",
      "area": "BABAESKİ",
      "postal_code": "39200"
    },
    {
      "id": 45367,
      "district_id": 593,
      "name": "DÜĞÜNCÜLÜ KÖYÜ",
      "area": "MERKEZKÖYLER",
      "postal_code": "39202"
    },
    {
      "id": 45368,
      "district_id": 593,
      "name": "ERİKLERYURDU KÖYÜ",
      "area": "MERKEZKÖYLER",
      "postal_code": "39202"
    },
    {
      "id": 45369,
      "district_id": 593,
      "name": "ERTUĞRULKÖY KÖYÜ",
      "area": "MERKEZKÖYLER",
      "postal_code": "39202"
    },
    {
      "id": 45370,
      "district_id": 593,
      "name": "FEVZİ ÇAKMAK MAH",
      "area": "BABAESKİ",
      "postal_code": "39200"
    },
    {
      "id": 45371,
      "district_id": 593,
      "name": "FEVZİ ÇAKMAK MAH (KARAHALİL BELDESİ)",
      "area": "KARAHALİL",
      "postal_code": "39240"
    },
    {
      "id": 45372,
      "district_id": 593,
      "name": "GAZİKEMAL MAH",
      "area": "BABAESKİ",
      "postal_code": "39200"
    },
    {
      "id": 45373,
      "district_id": 593,
      "name": "GAZİOSMANPAŞA MAH",
      "area": "BABAESKİ",
      "postal_code": "39200"
    },
    {
      "id": 45374,
      "district_id": 593,
      "name": "GÜLBAHÇE MAH (ALPULLU BELDESİ)",
      "area": "ALPULLU",
      "postal_code": "39570"
    },
    {
      "id": 45375,
      "district_id": 593,
      "name": "HACIHASAN MAH",
      "area": "BABAESKİ",
      "postal_code": "39200"
    },
    {
      "id": 45376,
      "district_id": 593,
      "name": "HALİLPAŞA MAH (KARAHALİL BELDESİ)",
      "area": "KARAHALİL",
      "postal_code": "39240"
    },
    {
      "id": 45377,
      "district_id": 593,
      "name": "HAMİDİYE MAH",
      "area": "BABAESKİ",
      "postal_code": "39200"
    },
    {
      "id": 45378,
      "district_id": 593,
      "name": "HATİP MAH (BÜYÜKMANDIRA BELDESİ)",
      "area": "BÜYÜKMANDIRA",
      "postal_code": "39270"
    },
    {
      "id": 45379,
      "district_id": 593,
      "name": "HAZİNEDAR KÖYÜ",
      "area": "MERKEZKÖYLER",
      "postal_code": "39202"
    },
    {
      "id": 45380,
      "district_id": 593,
      "name": "HÜRRİYET MAH (BÜYÜKMANDIRA BELDESİ)",
      "area": "BÜYÜKMANDIRA",
      "postal_code": "39270"
    },
    {
      "id": 45381,
      "district_id": 593,
      "name": "KADIKÖY KÖYÜ",
      "area": "MERKEZKÖYLER",
      "postal_code": "39202"
    },
    {
      "id": 45382,
      "district_id": 593,
      "name": "KARABAYIR KÖYÜ",
      "area": "MERKEZKÖYLER",
      "postal_code": "39202"
    },
    {
      "id": 45383,
      "district_id": 593,
      "name": "KARACAOĞLAN KÖYÜ",
      "area": "MERKEZKÖYLER",
      "postal_code": "39202"
    },
    {
      "id": 45384,
      "district_id": 593,
      "name": "KARAMESUTLU KÖYÜ",
      "area": "MERKEZKÖYLER",
      "postal_code": "39202"
    },
    {
      "id": 45385,
      "district_id": 593,
      "name": "KATRANCA KÖYÜ",
      "area": "MERKEZKÖYLER",
      "postal_code": "39202"
    },
    {
      "id": 45386,
      "district_id": 593,
      "name": "KEMAL PAŞA MAH (KARAHALİL BELDESİ)",
      "area": "KARAHALİL",
      "postal_code": "39240"
    },
    {
      "id": 45387,
      "district_id": 593,
      "name": "KULELİ KÖYÜ",
      "area": "MERKEZKÖYLER",
      "postal_code": "39202"
    },
    {
      "id": 45388,
      "district_id": 593,
      "name": "KUMRULAR KÖYÜ",
      "area": "MERKEZKÖYLER",
      "postal_code": "39202"
    },
    {
      "id": 45389,
      "district_id": 593,
      "name": "KURTULUŞ MAH",
      "area": "BABAESKİ",
      "postal_code": "39200"
    },
    {
      "id": 45390,
      "district_id": 593,
      "name": "KUZUÇARDAĞI KÖYÜ",
      "area": "MERKEZKÖYLER",
      "postal_code": "39202"
    },
    {
      "id": 45391,
      "district_id": 593,
      "name": "MİNNETLER KÖYÜ",
      "area": "MERKEZKÖYLER",
      "postal_code": "39202"
    },
    {
      "id": 45392,
      "district_id": 593,
      "name": "MÜSELLİM KÖYÜ",
      "area": "MERKEZKÖYLER",
      "postal_code": "39202"
    },
    {
      "id": 45393,
      "district_id": 593,
      "name": "MUTLU KÖYÜ",
      "area": "MERKEZKÖYLER",
      "postal_code": "39202"
    },
    {
      "id": 45394,
      "district_id": 593,
      "name": "NACAK KÖYÜ",
      "area": "MERKEZKÖYLER",
      "postal_code": "39202"
    },
    {
      "id": 45395,
      "district_id": 593,
      "name": "NADIRLI KÖYÜ",
      "area": "MERKEZKÖYLER",
      "postal_code": "39202"
    },
    {
      "id": 45396,
      "district_id": 593,
      "name": "ORUÇLU KÖYÜ",
      "area": "MERKEZKÖYLER",
      "postal_code": "39202"
    },
    {
      "id": 45397,
      "district_id": 593,
      "name": "OSMANİYE KÖYÜ",
      "area": "MERKEZKÖYLER",
      "postal_code": "39202"
    },
    {
      "id": 45398,
      "district_id": 593,
      "name": "PANCARKÖY KÖYÜ",
      "area": "MERKEZKÖYLER",
      "postal_code": "39202"
    },
    {
      "id": 45399,
      "district_id": 593,
      "name": "PAŞA MAH (BÜYÜKMANDIRA BELDESİ)",
      "area": "BÜYÜKMANDIRA",
      "postal_code": "39270"
    },
    {
      "id": 45400,
      "district_id": 593,
      "name": "ŞAMDANİ MAH (BÜYÜKMANDIRA BELDESİ)",
      "area": "BÜYÜKMANDIRA",
      "postal_code": "39270"
    },
    {
      "id": 45401,
      "district_id": 593,
      "name": "ŞEKER MAH (ALPULLU BELDESİ)",
      "area": "ALPULLU",
      "postal_code": "39570"
    },
    {
      "id": 45402,
      "district_id": 593,
      "name": "SOFUHALİL KÖYÜ",
      "area": "MERKEZKÖYLER",
      "postal_code": "39202"
    },
    {
      "id": 45403,
      "district_id": 593,
      "name": "TAŞAĞIL KÖYÜ",
      "area": "MERKEZKÖYLER",
      "postal_code": "39202"
    },
    {
      "id": 45404,
      "district_id": 593,
      "name": "TAŞKÖPRÜ KÖYÜ",
      "area": "MERKEZKÖYLER",
      "postal_code": "39202"
    },
    {
      "id": 45405,
      "district_id": 593,
      "name": "TERZİLİ KÖYÜ",
      "area": "MERKEZKÖYLER",
      "postal_code": "39202"
    },
    {
      "id": 45406,
      "district_id": 593,
      "name": "YENİ MAH (ALPULLU BELDESİ)",
      "area": "ALPULLU",
      "postal_code": "39570"
    },
    {
      "id": 45407,
      "district_id": 593,
      "name": "YENİKÖY KÖYÜ",
      "area": "MERKEZKÖYLER",
      "postal_code": "39202"
    },
    {
      "id": 45408,
      "district_id": 593,
      "name": "YENİMAHALLE KÖYÜ",
      "area": "MERKEZKÖYLER",
      "postal_code": "39202"
    },
    {
      "id": 45409,
      "district_id": 594,
      "name": "ARMUTVEREN KÖYÜ",
      "area": "MERKEZKÖYLER",
      "postal_code": "39502"
    },
    {
      "id": 45410,
      "district_id": 594,
      "name": "AVCILAR KÖYÜ",
      "area": "İĞNEADA",
      "postal_code": "39650"
    },
    {
      "id": 45411,
      "district_id": 594,
      "name": "BALABAN KÖYÜ",
      "area": "MERKEZKÖYLER",
      "postal_code": "39502"
    },
    {
      "id": 45412,
      "district_id": 594,
      "name": "BEĞENDİK KÖYÜ",
      "area": "İĞNEADA",
      "postal_code": "39650"
    },
    {
      "id": 45413,
      "district_id": 594,
      "name": "BOZTAŞ KÖYÜ",
      "area": "MERKEZKÖYLER",
      "postal_code": "39502"
    },
    {
      "id": 45414,
      "district_id": 594,
      "name": "DENİZ MAH (İĞNEADA BELDESİ)",
      "area": "İĞNEADA",
      "postal_code": "39650"
    },
    {
      "id": 45415,
      "district_id": 594,
      "name": "FENER SİTESİ MAH (LİMANKÖY KÖYÜ)",
      "area": "İĞNEADA",
      "postal_code": "39650"
    },
    {
      "id": 45416,
      "district_id": 594,
      "name": "GÖKYAKA KÖYÜ",
      "area": "MERKEZKÖYLER",
      "postal_code": "39502"
    },
    {
      "id": 45417,
      "district_id": 594,
      "name": "HAMDİBEY KÖYÜ",
      "area": "MERKEZKÖYLER",
      "postal_code": "39502"
    },
    {
      "id": 45418,
      "district_id": 594,
      "name": "HAMDİBEY MAH",
      "area": "DEMİRKÖY",
      "postal_code": "39500"
    },
    {
      "id": 45419,
      "district_id": 594,
      "name": "İNCESIRT KÖYÜ",
      "area": "MERKEZKÖYLER",
      "postal_code": "39502"
    },
    {
      "id": 45420,
      "district_id": 594,
      "name": "KARACADAĞ KÖYÜ",
      "area": "MERKEZKÖYLER",
      "postal_code": "39502"
    },
    {
      "id": 45421,
      "district_id": 594,
      "name": "KARANLIK MAH (İNCESIRT KÖYÜ)",
      "area": "MERKEZKÖYLER",
      "postal_code": "39502"
    },
    {
      "id": 45422,
      "district_id": 594,
      "name": "KORU SİTESİ MAH (LİMANKÖY KÖYÜ)",
      "area": "İĞNEADA",
      "postal_code": "39650"
    },
    {
      "id": 45423,
      "district_id": 594,
      "name": "LİMANKÖY KÖYÜ",
      "area": "İĞNEADA",
      "postal_code": "39650"
    },
    {
      "id": 45424,
      "district_id": 594,
      "name": "ORHANİYE MAH",
      "area": "DEMİRKÖY",
      "postal_code": "39500"
    },
    {
      "id": 45425,
      "district_id": 594,
      "name": "PALİVOR ÇİFTLİĞİ MAH (AVCILAR KÖYÜ)",
      "area": "İĞNEADA",
      "postal_code": "39650"
    },
    {
      "id": 45426,
      "district_id": 594,
      "name": "SARPDERE KÖYÜ",
      "area": "MERKEZKÖYLER",
      "postal_code": "39502"
    },
    {
      "id": 45427,
      "district_id": 594,
      "name": "SİSLİOBA KÖYÜ",
      "area": "İĞNEADA",
      "postal_code": "39650"
    },
    {
      "id": 45428,
      "district_id": 594,
      "name": "SİVRİLER KÖYÜ",
      "area": "MERKEZKÖYLER",
      "postal_code": "39502"
    },
    {
      "id": 45429,
      "district_id": 594,
      "name": "YENİ MAH",
      "area": "DEMİRKÖY",
      "postal_code": "39500"
    },
    {
      "id": 45430,
      "district_id": 594,
      "name": "YENİ MAH (İĞNEADA BELDESİ)",
      "area": "İĞNEADA",
      "postal_code": "39650"
    },
    {
      "id": 45431,
      "district_id": 594,
      "name": "YEŞİLCE KÖYÜ",
      "area": "MERKEZKÖYLER",
      "postal_code": "39502"
    },
    {
      "id": 45432,
      "district_id": 594,
      "name": "YİĞİTBAŞI KÖYÜ",
      "area": "MERKEZKÖYLER",
      "postal_code": "39502"
    },
    {
      "id": 45433,
      "district_id": 595,
      "name": "AHLATLI KÖYÜ",
      "area": "MERKEZKÖYLER",
      "postal_code": "39702"
    },
    {
      "id": 45434,
      "district_id": 595,
      "name": "AHMETLER KÖYÜ",
      "area": "MERKEZKÖYLER",
      "postal_code": "39702"
    },
    {
      "id": 45435,
      "district_id": 595,
      "name": "AŞAĞIKANARA KÖYÜ",
      "area": "MERKEZKÖYLER",
      "postal_code": "39702"
    },
    {
      "id": 45436,
      "district_id": 595,
      "name": "BEYCİ KÖYÜ",
      "area": "MERKEZKÖYLER",
      "postal_code": "39702"
    },
    {
      "id": 45437,
      "district_id": 595,
      "name": "DEVLETLİAĞAÇ KÖYÜ",
      "area": "MERKEZKÖYLER",
      "postal_code": "39702"
    },
    {
      "id": 45438,
      "district_id": 595,
      "name": "ELMACIK KÖYÜ",
      "area": "MERKEZKÖYLER",
      "postal_code": "39702"
    },
    {
      "id": 45439,
      "district_id": 595,
      "name": "KARAABALAR KÖYÜ",
      "area": "MERKEZKÖYLER",
      "postal_code": "39702"
    },
    {
      "id": 45440,
      "district_id": 595,
      "name": "KOCATARLA KÖYÜ",
      "area": "MERKEZKÖYLER",
      "postal_code": "39702"
    },
    {
      "id": 45441,
      "district_id": 595,
      "name": "KOCAYAZI KÖYÜ",
      "area": "MERKEZKÖYLER",
      "postal_code": "39702"
    },
    {
      "id": 45442,
      "district_id": 595,
      "name": "MALKOÇLAR KÖYÜ",
      "area": "MERKEZKÖYLER",
      "postal_code": "39702"
    },
    {
      "id": 45443,
      "district_id": 595,
      "name": "TASTEPE KÖYÜ",
      "area": "MERKEZKÖYLER",
      "postal_code": "39702"
    },
    {
      "id": 45444,
      "district_id": 595,
      "name": "TATLIPINAR KÖYÜ",
      "area": "MERKEZKÖYLER",
      "postal_code": "39702"
    },
    {
      "id": 45445,
      "district_id": 595,
      "name": "TERZİDERE KÖYÜ",
      "area": "MERKEZKÖYLER",
      "postal_code": "39702"
    },
    {
      "id": 45446,
      "district_id": 595,
      "name": "TOPÇULAR KÖYÜ",
      "area": "MERKEZKÖYLER",
      "postal_code": "39702"
    },
    {
      "id": 45447,
      "district_id": 595,
      "name": "YENİ MAH",
      "area": "KOFÇAZ",
      "postal_code": "39700"
    },
    {
      "id": 45448,
      "district_id": 595,
      "name": "YEŞİLLİK MAH",
      "area": "KOFÇAZ",
      "postal_code": "39700"
    },
    {
      "id": 45449,
      "district_id": 595,
      "name": "YUKARIKANARA KÖYÜ",
      "area": "MERKEZKÖYLER",
      "postal_code": "39702"
    },
    {
      "id": 45450,
      "district_id": 596,
      "name": "8 KASIM MAH",
      "area": "LÜLEBURGAZ",
      "postal_code": "39750"
    },
    {
      "id": 45451,
      "district_id": 596,
      "name": "AKÇAKÖY KÖYÜ",
      "area": "MERKEZKÖYLER",
      "postal_code": "39752"
    },
    {
      "id": 45452,
      "district_id": 596,
      "name": "ALACAOĞLU KÖYÜ",
      "area": "MERKEZKÖYLER",
      "postal_code": "39752"
    },
    {
      "id": 45453,
      "district_id": 596,
      "name": "ATATÜRK MAH",
      "area": "LÜLEBURGAZ",
      "postal_code": "39750"
    },
    {
      "id": 45454,
      "district_id": 596,
      "name": "AYVALI KÖYÜ",
      "area": "MERKEZKÖYLER",
      "postal_code": "39752"
    },
    {
      "id": 45455,
      "district_id": 596,
      "name": "BARIŞ MAH",
      "area": "LÜLEBURGAZ",
      "postal_code": "39750"
    },
    {
      "id": 45456,
      "district_id": 596,
      "name": "CELALİYE KÖYÜ",
      "area": "MERKEZKÖYLER",
      "postal_code": "39752"
    },
    {
      "id": 45457,
      "district_id": 596,
      "name": "ÇENGELLİ KÖYÜ",
      "area": "MERKEZKÖYLER",
      "postal_code": "39752"
    },
    {
      "id": 45458,
      "district_id": 596,
      "name": "ÇEŞMEKOLU KÖYÜ",
      "area": "MERKEZKÖYLER",
      "postal_code": "39752"
    },
    {
      "id": 45459,
      "district_id": 596,
      "name": "CEYLANKÖY KÖYÜ",
      "area": "MERKEZKÖYLER",
      "postal_code": "39752"
    },
    {
      "id": 45460,
      "district_id": 596,
      "name": "ÇİFTLİKKÖY KÖYÜ",
      "area": "MERKEZKÖYLER",
      "postal_code": "39752"
    },
    {
      "id": 45461,
      "district_id": 596,
      "name": "CUMHURİYET MAH",
      "area": "LÜLEBURGAZ",
      "postal_code": "39750"
    },
    {
      "id": 45462,
      "district_id": 596,
      "name": "CUMHURİYET MAH (KIRIKKÖY KÖYÜ)",
      "area": "MERKEZKÖYLER",
      "postal_code": "39752"
    },
    {
      "id": 45463,
      "district_id": 596,
      "name": "DAVUTLU KÖYÜ",
      "area": "MERKEZKÖYLER",
      "postal_code": "39752"
    },
    {
      "id": 45464,
      "district_id": 596,
      "name": "DERE MAH",
      "area": "LÜLEBURGAZ",
      "postal_code": "39750"
    },
    {
      "id": 45465,
      "district_id": 596,
      "name": "DERE MAH (AHMETBEY BELDESİ)",
      "area": "AHMETBEY",
      "postal_code": "39770"
    },
    {
      "id": 45466,
      "district_id": 596,
      "name": "DÜĞÜNCÜBAŞI KÖYÜ",
      "area": "MERKEZKÖYLER",
      "postal_code": "39752"
    },
    {
      "id": 45467,
      "district_id": 596,
      "name": "DURAK MAH",
      "area": "LÜLEBURGAZ",
      "postal_code": "39750"
    },
    {
      "id": 45468,
      "district_id": 596,
      "name": "EMİRALİ KÖYÜ",
      "area": "MERKEZKÖYLER",
      "postal_code": "39752"
    },
    {
      "id": 45469,
      "district_id": 596,
      "name": "ERTUĞRUL KÖYÜ",
      "area": "MERKEZKÖYLER",
      "postal_code": "39752"
    },
    {
      "id": 45470,
      "district_id": 596,
      "name": "ESKİBEDİR KÖYÜ",
      "area": "MERKEZKÖYLER",
      "postal_code": "39752"
    },
    {
      "id": 45471,
      "district_id": 596,
      "name": "ESKİTAŞLI KÖYÜ",
      "area": "MERKEZKÖYLER",
      "postal_code": "39752"
    },
    {
      "id": 45472,
      "district_id": 596,
      "name": "FATİH MAH (BÜYÜKKARIŞTIRAN BELDESİ)",
      "area": "BÜYÜKKARIŞTIRAN",
      "postal_code": "39780"
    },
    {
      "id": 45473,
      "district_id": 596,
      "name": "FATİH MAH (EVRENSEKİZ BELDESİ)",
      "area": "EVRENSEKİZ",
      "postal_code": "39790"
    },
    {
      "id": 45474,
      "district_id": 596,
      "name": "GENÇLİK MAH",
      "area": "LÜLEBURGAZ",
      "postal_code": "39750"
    },
    {
      "id": 45475,
      "district_id": 596,
      "name": "GÜNDOĞU MAH",
      "area": "LÜLEBURGAZ",
      "postal_code": "39750"
    },
    {
      "id": 45476,
      "district_id": 596,
      "name": "GÜNDOĞU MAH (AHMETBEY BELDESİ)",
      "area": "AHMETBEY",
      "postal_code": "39770"
    },
    {
      "id": 45477,
      "district_id": 596,
      "name": "GÜNDOĞU MAH (EVRENSEKİZ BELDESİ)",
      "area": "EVRENSEKİZ",
      "postal_code": "39790"
    },
    {
      "id": 45478,
      "district_id": 596,
      "name": "GÜNEŞ MAH",
      "area": "LÜLEBURGAZ",
      "postal_code": "39750"
    },
    {
      "id": 45479,
      "district_id": 596,
      "name": "HAMİTABAT KÖYÜ",
      "area": "MERKEZKÖYLER",
      "postal_code": "39752"
    },
    {
      "id": 45480,
      "district_id": 596,
      "name": "HAMZABEY KÖYÜ",
      "area": "MERKEZKÖYLER",
      "postal_code": "39752"
    },
    {
      "id": 45481,
      "district_id": 596,
      "name": "HÜRRİYET MAH",
      "area": "LÜLEBURGAZ",
      "postal_code": "39750"
    },
    {
      "id": 45482,
      "district_id": 596,
      "name": "HÜRRİYET MAH (KIRIKKÖY KÖYÜ)",
      "area": "MERKEZKÖYLER",
      "postal_code": "39752"
    },
    {
      "id": 45483,
      "district_id": 596,
      "name": "HÜRRİYET MAH (SAKIZKÖY KÖYÜ)",
      "area": "MERKEZKÖYLER",
      "postal_code": "39752"
    },
    {
      "id": 45484,
      "district_id": 596,
      "name": "İNÖNÜ MAH",
      "area": "LÜLEBURGAZ",
      "postal_code": "39750"
    },
    {
      "id": 45485,
      "district_id": 596,
      "name": "İSTİKLAL MAH",
      "area": "LÜLEBURGAZ",
      "postal_code": "39750"
    },
    {
      "id": 45486,
      "district_id": 596,
      "name": "KARAAĞAÇ KÖYÜ",
      "area": "MERKEZKÖYLER",
      "postal_code": "39752"
    },
    {
      "id": 45487,
      "district_id": 596,
      "name": "KARAMUSUL KÖYÜ",
      "area": "MERKEZKÖYLER",
      "postal_code": "39752"
    },
    {
      "id": 45488,
      "district_id": 596,
      "name": "KARŞIYAKA MAH (AHMETBEY BELDESİ)",
      "area": "AHMETBEY",
      "postal_code": "39770"
    },
    {
      "id": 45489,
      "district_id": 596,
      "name": "KAYABEYLİ KÖYÜ",
      "area": "MERKEZKÖYLER",
      "postal_code": "39752"
    },
    {
      "id": 45490,
      "district_id": 596,
      "name": "KIRCAALİ MAH (EVRENSEKİZ BELDESİ)",
      "area": "EVRENSEKİZ",
      "postal_code": "39790"
    },
    {
      "id": 45491,
      "district_id": 596,
      "name": "KOCASİNAN MAH",
      "area": "LÜLEBURGAZ",
      "postal_code": "39750"
    },
    {
      "id": 45492,
      "district_id": 596,
      "name": "KÖYDIŞI MAH (HAMİTABAT KÖYÜ)",
      "area": "MERKEZKÖYLER",
      "postal_code": "39752"
    },
    {
      "id": 45493,
      "district_id": 596,
      "name": "KÜÇÜKKARIŞTIRAN MAH (BÜYÜKKARIŞTIRAN BELDESİ)",
      "area": "BÜYÜKKARIŞTIRAN",
      "postal_code": "39780"
    },
    {
      "id": 45494,
      "district_id": 596,
      "name": "KURTULUŞ MAH",
      "area": "LÜLEBURGAZ",
      "postal_code": "39750"
    },
    {
      "id": 45495,
      "district_id": 596,
      "name": "MERKEZ MAH (SAKIZKÖY KÖYÜ)",
      "area": "MERKEZKÖYLER",
      "postal_code": "39752"
    },
    {
      "id": 45496,
      "district_id": 596,
      "name": "MÜSELLİM KÖYÜ",
      "area": "MERKEZKÖYLER",
      "postal_code": "39752"
    },
    {
      "id": 45497,
      "district_id": 596,
      "name": "OKLALI KÖYÜ",
      "area": "MERKEZKÖYLER",
      "postal_code": "39752"
    },
    {
      "id": 45498,
      "district_id": 596,
      "name": "OVACIK KÖYÜ",
      "area": "MERKEZKÖYLER",
      "postal_code": "39752"
    },
    {
      "id": 45499,
      "district_id": 596,
      "name": "ÖZERLER MAH",
      "area": "LÜLEBURGAZ",
      "postal_code": "39750"
    },
    {
      "id": 45500,
      "district_id": 596,
      "name": "SARICAALİ KÖYÜ",
      "area": "MERKEZKÖYLER",
      "postal_code": "39752"
    },
    {
      "id": 45501,
      "district_id": 596,
      "name": "SARIMSAKLI MAH",
      "area": "MERKEZKÖYLER",
      "postal_code": "39752"
    },
    {
      "id": 45502,
      "district_id": 596,
      "name": "SEVGİ MAH",
      "area": "LÜLEBURGAZ",
      "postal_code": "39750"
    },
    {
      "id": 45503,
      "district_id": 596,
      "name": "SEYİTLER KÖYÜ",
      "area": "MERKEZKÖYLER",
      "postal_code": "39752"
    },
    {
      "id": 45504,
      "district_id": 596,
      "name": "SİTELER MAH",
      "area": "LÜLEBURGAZ",
      "postal_code": "39750"
    },
    {
      "id": 45505,
      "district_id": 596,
      "name": "TATARKÖY KÖYÜ",
      "area": "MERKEZKÖYLER",
      "postal_code": "39752"
    },
    {
      "id": 45506,
      "district_id": 596,
      "name": "TURGUTBEY KÖYÜ",
      "area": "MERKEZKÖYLER",
      "postal_code": "39752"
    },
    {
      "id": 45507,
      "district_id": 596,
      "name": "UMURCA KÖYÜ",
      "area": "MERKEZKÖYLER",
      "postal_code": "39752"
    },
    {
      "id": 45508,
      "district_id": 596,
      "name": "YENİ MAH",
      "area": "LÜLEBURGAZ",
      "postal_code": "39750"
    },
    {
      "id": 45509,
      "district_id": 596,
      "name": "YENİ MAH (BÜYÜKKARIŞTIRAN BELDESİ)",
      "area": "BÜYÜKKARIŞTIRAN",
      "postal_code": "39780"
    },
    {
      "id": 45510,
      "district_id": 596,
      "name": "YENİBEDİR KÖYÜ",
      "area": "MERKEZKÖYLER",
      "postal_code": "39752"
    },
    {
      "id": 45511,
      "district_id": 596,
      "name": "YENİTAŞLI KÖYÜ",
      "area": "MERKEZKÖYLER",
      "postal_code": "39752"
    },
    {
      "id": 45512,
      "district_id": 596,
      "name": "YILDIRIM MAH",
      "area": "LÜLEBURGAZ",
      "postal_code": "39750"
    },
    {
      "id": 45513,
      "district_id": 596,
      "name": "YILDIRIM MAH (BÜYÜKKARIŞTIRAN BELDESİ)",
      "area": "BÜYÜKKARIŞTIRAN",
      "postal_code": "39780"
    },
    {
      "id": 45514,
      "district_id": 596,
      "name": "YILDIZ MAH",
      "area": "LÜLEBURGAZ",
      "postal_code": "39750"
    },
    {
      "id": 45515,
      "district_id": 596,
      "name": "YILMAZ MAH",
      "area": "LÜLEBURGAZ",
      "postal_code": "39750"
    },
    {
      "id": 45516,
      "district_id": 596,
      "name": "ZAFER MAH",
      "area": "LÜLEBURGAZ",
      "postal_code": "39750"
    },
    {
      "id": 45517,
      "district_id": 597,
      "name": "AHMETÇE KÖYÜ",
      "area": "MERKEZKÖYLER",
      "postal_code": "39100"
    },
    {
      "id": 45518,
      "district_id": 597,
      "name": "AKALAR MAH",
      "area": "KIRKLARELİ",
      "postal_code": "39010"
    },
    {
      "id": 45519,
      "district_id": 597,
      "name": "ARİZBABA KÖYÜ",
      "area": "İNECE",
      "postal_code": "39201"
    },
    {
      "id": 45520,
      "district_id": 597,
      "name": "ARMAĞAN KÖYÜ",
      "area": "DEREKÖY",
      "postal_code": "39002"
    },
    {
      "id": 45521,
      "district_id": 597,
      "name": "ASILBEYLİ KÖYÜ",
      "area": "MERKEZKÖYLER",
      "postal_code": "39100"
    },
    {
      "id": 45522,
      "district_id": 597,
      "name": "ATATÜRK MAH",
      "area": "KIRKLARELİ",
      "postal_code": "39010"
    },
    {
      "id": 45523,
      "district_id": 597,
      "name": "BADEMLİK MAH",
      "area": "KIRKLARELİ",
      "postal_code": "39010"
    },
    {
      "id": 45524,
      "district_id": 597,
      "name": "BAYRAMDERE KÖYÜ",
      "area": "MERKEZKÖYLER",
      "postal_code": "39100"
    },
    {
      "id": 45525,
      "district_id": 597,
      "name": "BEYPINAR KÖYÜ",
      "area": "ÜSKÜP",
      "postal_code": "39572"
    },
    {
      "id": 45526,
      "district_id": 597,
      "name": "ÇAĞLAYIK KÖYÜ",
      "area": "DEREKÖY",
      "postal_code": "39002"
    },
    {
      "id": 45527,
      "district_id": 597,
      "name": "ÇARŞI MAH (KAVAKLI BELDESİ)",
      "area": "KAVAKLI",
      "postal_code": "39160"
    },
    {
      "id": 45528,
      "district_id": 597,
      "name": "ÇAYIRLI KÖYÜ",
      "area": "MERKEZKÖYLER",
      "postal_code": "39100"
    },
    {
      "id": 45529,
      "district_id": 597,
      "name": "CELALİYE MAH (KAVAKLI BELDESİ)",
      "area": "KAVAKLI",
      "postal_code": "39160"
    },
    {
      "id": 45530,
      "district_id": 597,
      "name": "ÇEŞMEKÖY KÖYÜ",
      "area": "MERKEZKÖYLER",
      "postal_code": "39100"
    },
    {
      "id": 45531,
      "district_id": 597,
      "name": "CEVAT PAŞA MAH (ÜSKÜP BELDESİ)",
      "area": "ÜSKÜP",
      "postal_code": "39572"
    },
    {
      "id": 45532,
      "district_id": 597,
      "name": "ÇUKURPINAR KÖYÜ",
      "area": "ÜSKÜP",
      "postal_code": "39572"
    },
    {
      "id": 45533,
      "district_id": 597,
      "name": "CUMHURİYET MAH",
      "area": "KIRKLARELİ",
      "postal_code": "39010"
    },
    {
      "id": 45534,
      "district_id": 597,
      "name": "DEĞİRMENCİK KÖYÜ",
      "area": "MERKEZKÖYLER",
      "postal_code": "39100"
    },
    {
      "id": 45535,
      "district_id": 597,
      "name": "DEMİRCİHALİL KÖYÜ",
      "area": "MERKEZKÖYLER",
      "postal_code": "39100"
    },
    {
      "id": 45536,
      "district_id": 597,
      "name": "DEMİRTAŞ MAH",
      "area": "KIRKLARELİ",
      "postal_code": "39010"
    },
    {
      "id": 45537,
      "district_id": 597,
      "name": "DEREKÖY KÖYÜ",
      "area": "DEREKÖY",
      "postal_code": "39002"
    },
    {
      "id": 45538,
      "district_id": 597,
      "name": "DEVEÇATAĞI KÖYÜ",
      "area": "MERKEZKÖYLER",
      "postal_code": "39100"
    },
    {
      "id": 45539,
      "district_id": 597,
      "name": "DOĞU MAH",
      "area": "KIRKLARELİ",
      "postal_code": "39010"
    },
    {
      "id": 45540,
      "district_id": 597,
      "name": "DOKUZHÜYÜK KÖYÜ",
      "area": "İNECE",
      "postal_code": "39201"
    },
    {
      "id": 45541,
      "district_id": 597,
      "name": "DOLHAN KÖYÜ",
      "area": "İNECE",
      "postal_code": "39201"
    },
    {
      "id": 45542,
      "district_id": 597,
      "name": "DÜZORMAN KÖYÜ",
      "area": "DEREKÖY",
      "postal_code": "39002"
    },
    {
      "id": 45543,
      "district_id": 597,
      "name": "ERİKLER KÖYÜ",
      "area": "MERKEZKÖYLER",
      "postal_code": "39100"
    },
    {
      "id": 45544,
      "district_id": 597,
      "name": "ERİKLİCE KÖYÜ",
      "area": "MERKEZKÖYLER",
      "postal_code": "39100"
    },
    {
      "id": 45545,
      "district_id": 597,
      "name": "GEÇİTAĞZI KÖYÜ",
      "area": "DEREKÖY",
      "postal_code": "39002"
    },
    {
      "id": 45546,
      "district_id": 597,
      "name": "GÜNDOĞDU MAH (ÜSKÜP BELDESİ)",
      "area": "ÜSKÜP",
      "postal_code": "39572"
    },
    {
      "id": 45547,
      "district_id": 597,
      "name": "İSTASYON MAH",
      "area": "KIRKLARELİ",
      "postal_code": "39010"
    },
    {
      "id": 45548,
      "district_id": 597,
      "name": "KADIKÖY KÖYÜ",
      "area": "MERKEZKÖYLER",
      "postal_code": "39100"
    },
    {
      "id": 45549,
      "district_id": 597,
      "name": "KAPAKLI KÖYÜ",
      "area": "DEREKÖY",
      "postal_code": "39002"
    },
    {
      "id": 45550,
      "district_id": 597,
      "name": "KARACAİBRAHİM MAH",
      "area": "KIRKLARELİ",
      "postal_code": "39010"
    },
    {
      "id": 45551,
      "district_id": 597,
      "name": "KARADERE KÖYÜ",
      "area": "DEREKÖY",
      "postal_code": "39002"
    },
    {
      "id": 45552,
      "district_id": 597,
      "name": "KARAHAMZA KÖYÜ",
      "area": "MERKEZKÖYLER",
      "postal_code": "39100"
    },
    {
      "id": 45553,
      "district_id": 597,
      "name": "KARAHIDIR MAH",
      "area": "KIRKLARELİ",
      "postal_code": "39010"
    },
    {
      "id": 45554,
      "district_id": 597,
      "name": "KARAKAŞ MAH",
      "area": "KIRKLARELİ",
      "postal_code": "39010"
    },
    {
      "id": 45555,
      "district_id": 597,
      "name": "KARAKOÇ KÖYÜ",
      "area": "MERKEZKÖYLER",
      "postal_code": "39100"
    },
    {
      "id": 45556,
      "district_id": 597,
      "name": "KARINCAK KÖYÜ",
      "area": "MERKEZKÖYLER",
      "postal_code": "39100"
    },
    {
      "id": 45557,
      "district_id": 597,
      "name": "KAVAKDERE KÖYÜ",
      "area": "MERKEZKÖYLER",
      "postal_code": "39100"
    },
    {
      "id": 45558,
      "district_id": 597,
      "name": "KAYALI KÖYÜ",
      "area": "MERKEZKÖYLER",
      "postal_code": "39100"
    },
    {
      "id": 45559,
      "district_id": 597,
      "name": "KAZIMPAŞA MAH (İNECE BELDESİ)",
      "area": "İNECE",
      "postal_code": "39201"
    },
    {
      "id": 45560,
      "district_id": 597,
      "name": "KEMAL PAŞA MAH (ÜSKÜP BELDESİ)",
      "area": "ÜSKÜP",
      "postal_code": "39572"
    },
    {
      "id": 45561,
      "district_id": 597,
      "name": "KEMALPAŞA MAH (İNECE BELDESİ)",
      "area": "İNECE",
      "postal_code": "39201"
    },
    {
      "id": 45562,
      "district_id": 597,
      "name": "KIZILCIKDERE KÖYÜ",
      "area": "MERKEZKÖYLER",
      "postal_code": "39100"
    },
    {
      "id": 45563,
      "district_id": 597,
      "name": "KIZILCIKDEREOSB MAH (KIZILCIKDERE KÖYÜ)",
      "area": "MERKEZKÖYLER",
      "postal_code": "39100"
    },
    {
      "id": 45564,
      "district_id": 597,
      "name": "KOCAHIDIR KÖYÜ",
      "area": "İNECE",
      "postal_code": "39201"
    },
    {
      "id": 45565,
      "district_id": 597,
      "name": "KOCAHIDIR MAH",
      "area": "KIRKLARELİ",
      "postal_code": "39010"
    },
    {
      "id": 45566,
      "district_id": 597,
      "name": "KORUKÖY KÖYÜ",
      "area": "DEREKÖY",
      "postal_code": "39002"
    },
    {
      "id": 45567,
      "district_id": 597,
      "name": "KOYUNBABA KÖYÜ",
      "area": "İNECE",
      "postal_code": "39201"
    },
    {
      "id": 45568,
      "district_id": 597,
      "name": "KULA KÖYÜ",
      "area": "MERKEZKÖYLER",
      "postal_code": "39100"
    },
    {
      "id": 45569,
      "district_id": 597,
      "name": "KUZULU KÖYÜ",
      "area": "MERKEZKÖYLER",
      "postal_code": "39100"
    },
    {
      "id": 45570,
      "district_id": 597,
      "name": "MEHMET ÇAVUŞ MAH (ÜSKÜP BELDESİ)",
      "area": "ÜSKÜP",
      "postal_code": "39572"
    },
    {
      "id": 45571,
      "district_id": 597,
      "name": "PAŞAYERİ KÖYÜ",
      "area": "İNECE",
      "postal_code": "39201"
    },
    {
      "id": 45572,
      "district_id": 597,
      "name": "PINAR MAH",
      "area": "KIRKLARELİ",
      "postal_code": "39010"
    },
    {
      "id": 45573,
      "district_id": 597,
      "name": "ŞÜKRÜPAŞA KÖYÜ",
      "area": "DEREKÖY",
      "postal_code": "39002"
    },
    {
      "id": 45574,
      "district_id": 597,
      "name": "TURİST MAH (KAVAKLI BELDESİ)",
      "area": "KAVAKLI",
      "postal_code": "39160"
    },
    {
      "id": 45575,
      "district_id": 597,
      "name": "ULUKONAK MAH (İNECE BELDESİ)",
      "area": "İNECE",
      "postal_code": "39201"
    },
    {
      "id": 45576,
      "district_id": 597,
      "name": "ÜRÜNLÜ KÖYÜ",
      "area": "İNECE",
      "postal_code": "39201"
    },
    {
      "id": 45577,
      "district_id": 597,
      "name": "ÜSKÜPDERE KÖYÜ",
      "area": "ÜSKÜP",
      "postal_code": "39572"
    },
    {
      "id": 45578,
      "district_id": 597,
      "name": "YAYLA MAH",
      "area": "KIRKLARELİ",
      "postal_code": "39010"
    },
    {
      "id": 45579,
      "district_id": 597,
      "name": "YENİ MAH (İNECE BELDESİ)",
      "area": "İNECE",
      "postal_code": "39201"
    },
    {
      "id": 45580,
      "district_id": 597,
      "name": "YENİ OKULLAR MAH (KAVAKLI BELDESİ)",
      "area": "KAVAKLI",
      "postal_code": "39160"
    },
    {
      "id": 45581,
      "district_id": 597,
      "name": "YOĞUNTAŞ KÖYÜ",
      "area": "MERKEZKÖYLER",
      "postal_code": "39100"
    },
    {
      "id": 45582,
      "district_id": 597,
      "name": "YUNDALAN KÖYÜ",
      "area": "ÜSKÜP",
      "postal_code": "39572"
    },
    {
      "id": 45583,
      "district_id": 597,
      "name": "YÜRÜKBAYIRI KÖYÜ",
      "area": "MERKEZKÖYLER",
      "postal_code": "39100"
    },
    {
      "id": 45584,
      "district_id": 598,
      "name": "AKARCA KÖYÜ",
      "area": "MERKEZKÖYLER",
      "postal_code": "39640"
    },
    {
      "id": 45585,
      "district_id": 598,
      "name": "DOĞANCA KÖYÜ",
      "area": "MERKEZKÖYLER",
      "postal_code": "39640"
    },
    {
      "id": 45586,
      "district_id": 598,
      "name": "ERGENE MAH",
      "area": "PEHLİVANKÖY",
      "postal_code": "39600"
    },
    {
      "id": 45587,
      "district_id": 598,
      "name": "HIDIRCA KÖYÜ",
      "area": "MERKEZKÖYLER",
      "postal_code": "39640"
    },
    {
      "id": 45588,
      "district_id": 598,
      "name": "İMAMPAZARI KÖYÜ",
      "area": "MERKEZKÖYLER",
      "postal_code": "39640"
    },
    {
      "id": 45589,
      "district_id": 598,
      "name": "KAZIMDİRİK MAH",
      "area": "PEHLİVANKÖY",
      "postal_code": "39600"
    },
    {
      "id": 45590,
      "district_id": 598,
      "name": "KUMKÖY KÖYÜ",
      "area": "MERKEZKÖYLER",
      "postal_code": "39640"
    },
    {
      "id": 45591,
      "district_id": 598,
      "name": "KURTULUŞ MAH",
      "area": "PEHLİVANKÖY",
      "postal_code": "39600"
    },
    {
      "id": 45592,
      "district_id": 598,
      "name": "KUŞTEPE KÖYÜ",
      "area": "MERKEZKÖYLER",
      "postal_code": "39640"
    },
    {
      "id": 45593,
      "district_id": 598,
      "name": "YEŞİLOVA KÖYÜ",
      "area": "MERKEZKÖYLER",
      "postal_code": "39640"
    },
    {
      "id": 45594,
      "district_id": 598,
      "name": "YEŞİLPINAR KÖYÜ",
      "area": "MERKEZKÖYLER",
      "postal_code": "39640"
    },
    {
      "id": 45595,
      "district_id": 599,
      "name": "AKARLAR MAH (KAYNARCA BELDESİ)",
      "area": "KAYNARCA",
      "postal_code": "39310"
    },
    {
      "id": 45596,
      "district_id": 599,
      "name": "AKÖREN KÖYÜ",
      "area": "MERKEZKÖYLER",
      "postal_code": "39302"
    },
    {
      "id": 45597,
      "district_id": 599,
      "name": "ATAKÖY KÖYÜ",
      "area": "MERKEZKÖYLER",
      "postal_code": "39302"
    },
    {
      "id": 45598,
      "district_id": 599,
      "name": "BEYLİK MAH",
      "area": "PINARHİSAR",
      "postal_code": "39300"
    },
    {
      "id": 45599,
      "district_id": 599,
      "name": "CAMİİKEBİR MAH",
      "area": "PINARHİSAR",
      "postal_code": "39300"
    },
    {
      "id": 45600,
      "district_id": 599,
      "name": "ÇAYIRDERE KÖYÜ",
      "area": "MERKEZKÖYLER",
      "postal_code": "39302"
    },
    {
      "id": 45601,
      "district_id": 599,
      "name": "CEVİZKÖY KÖYÜ",
      "area": "MERKEZKÖYLER",
      "postal_code": "39302"
    },
    {
      "id": 45602,
      "district_id": 599,
      "name": "CUMHURİYET MAH (YENİCE KÖYÜ)",
      "area": "MERKEZKÖYLER",
      "postal_code": "39302"
    },
    {
      "id": 45603,
      "district_id": 599,
      "name": "DERE MAH",
      "area": "PINARHİSAR",
      "postal_code": "39300"
    },
    {
      "id": 45604,
      "district_id": 599,
      "name": "ERENLER KÖYÜ",
      "area": "MERKEZKÖYLER",
      "postal_code": "39302"
    },
    {
      "id": 45605,
      "district_id": 599,
      "name": "EVCİLER KÖYÜ",
      "area": "MERKEZKÖYLER",
      "postal_code": "39302"
    },
    {
      "id": 45606,
      "district_id": 599,
      "name": "HACIFAKILI KÖYÜ",
      "area": "MERKEZKÖYLER",
      "postal_code": "39302"
    },
    {
      "id": 45607,
      "district_id": 599,
      "name": "HÜRRİYET MAH (YENİCE KÖYÜ)",
      "area": "MERKEZKÖYLER",
      "postal_code": "39302"
    },
    {
      "id": 45608,
      "district_id": 599,
      "name": "IŞIKLAR MAH (KAYNARCA BELDESİ)",
      "area": "KAYNARCA",
      "postal_code": "39310"
    },
    {
      "id": 45609,
      "district_id": 599,
      "name": "İSLAMBEYLİ KÖYÜ",
      "area": "MERKEZKÖYLER",
      "postal_code": "39302"
    },
    {
      "id": 45610,
      "district_id": 599,
      "name": "KURUDERE KÖYÜ",
      "area": "MERKEZKÖYLER",
      "postal_code": "39302"
    },
    {
      "id": 45611,
      "district_id": 599,
      "name": "ORTA MAH",
      "area": "PINARHİSAR",
      "postal_code": "39300"
    },
    {
      "id": 45612,
      "district_id": 599,
      "name": "OSMANCIK KÖYÜ",
      "area": "MERKEZKÖYLER",
      "postal_code": "39302"
    },
    {
      "id": 45613,
      "district_id": 599,
      "name": "POYRALI KÖYÜ",
      "area": "MERKEZKÖYLER",
      "postal_code": "39302"
    },
    {
      "id": 45614,
      "district_id": 599,
      "name": "SÜTLÜCE KÖYÜ",
      "area": "MERKEZKÖYLER",
      "postal_code": "39302"
    },
    {
      "id": 45615,
      "district_id": 599,
      "name": "TOZAKLI KÖYÜ",
      "area": "MERKEZKÖYLER",
      "postal_code": "39302"
    },
    {
      "id": 45616,
      "district_id": 599,
      "name": "YENİCAMİİ MAH (KAYNARCA BELDESİ)",
      "area": "KAYNARCA",
      "postal_code": "39310"
    },
    {
      "id": 45617,
      "district_id": 600,
      "name": "AKINCILAR KÖYÜ",
      "area": "MERKEZKÖYLER",
      "postal_code": "39402"
    },
    {
      "id": 45618,
      "district_id": 600,
      "name": "AKPINAR KÖYÜ",
      "area": "MERKEZKÖYLER",
      "postal_code": "39402"
    },
    {
      "id": 45619,
      "district_id": 600,
      "name": "AKSİCİM KÖYÜ",
      "area": "MERKEZKÖYLER",
      "postal_code": "39402"
    },
    {
      "id": 45620,
      "district_id": 600,
      "name": "BALKAYA KÖYÜ",
      "area": "MERKEZKÖYLER",
      "postal_code": "39402"
    },
    {
      "id": 45621,
      "district_id": 600,
      "name": "ÇAVUŞKÖY KÖYÜ",
      "area": "MERKEZKÖYLER",
      "postal_code": "39402"
    },
    {
      "id": 45622,
      "district_id": 600,
      "name": "ÇÖVENLİ KÖYÜ",
      "area": "MERKEZKÖYLER",
      "postal_code": "39402"
    },
    {
      "id": 45623,
      "district_id": 600,
      "name": "CUMHURİYET MAH (ÇAKILLI BELDESİ)",
      "area": "ÇAKILLI",
      "postal_code": "39401"
    },
    {
      "id": 45624,
      "district_id": 600,
      "name": "CUMHURİYET MAH (KIYIKÖY BELDESİ)",
      "area": "KIYIKÖY",
      "postal_code": "39480"
    },
    {
      "id": 45625,
      "district_id": 600,
      "name": "DEVELİ KÖYÜ",
      "area": "MERKEZKÖYLER",
      "postal_code": "39402"
    },
    {
      "id": 45626,
      "district_id": 600,
      "name": "DEVLET MAH",
      "area": "VİZE",
      "postal_code": "39400"
    },
    {
      "id": 45627,
      "district_id": 600,
      "name": "DOĞANCA KÖYÜ",
      "area": "MERKEZKÖYLER",
      "postal_code": "39402"
    },
    {
      "id": 45628,
      "district_id": 600,
      "name": "DÜZOVA KÖYÜ",
      "area": "MERKEZKÖYLER",
      "postal_code": "39402"
    },
    {
      "id": 45629,
      "district_id": 600,
      "name": "EVREN MAH",
      "area": "VİZE",
      "postal_code": "39400"
    },
    {
      "id": 45630,
      "district_id": 600,
      "name": "EVRENCİK KÖYÜ",
      "area": "SERGEN",
      "postal_code": "39652"
    },
    {
      "id": 45631,
      "district_id": 600,
      "name": "EVRENCİK MAH (EVRENCİK KÖYÜ)",
      "area": "SERGEN",
      "postal_code": "39652"
    },
    {
      "id": 45632,
      "district_id": 600,
      "name": "EVRENLİ KÖYÜ",
      "area": "MERKEZKÖYLER",
      "postal_code": "39402"
    },
    {
      "id": 45633,
      "district_id": 600,
      "name": "FEVZİ ÇAKMAK MAH (SERGEN KÖYÜ)",
      "area": "SERGEN",
      "postal_code": "39652"
    },
    {
      "id": 45634,
      "district_id": 600,
      "name": "GAZİ MAH",
      "area": "VİZE",
      "postal_code": "39400"
    },
    {
      "id": 45635,
      "district_id": 600,
      "name": "GÜVEN MAH (KIYIKÖY BELDESİ)",
      "area": "KIYIKÖY",
      "postal_code": "39480"
    },
    {
      "id": 45636,
      "district_id": 600,
      "name": "HAMİDİYE KÖYÜ",
      "area": "MERKEZKÖYLER",
      "postal_code": "39402"
    },
    {
      "id": 45637,
      "district_id": 600,
      "name": "HASBUĞA KÖYÜ",
      "area": "MERKEZKÖYLER",
      "postal_code": "39402"
    },
    {
      "id": 45638,
      "district_id": 600,
      "name": "HÜRRİYET MAH (ÇAKILLI BELDESİ)",
      "area": "ÇAKILLI",
      "postal_code": "39401"
    },
    {
      "id": 45639,
      "district_id": 600,
      "name": "KALE MAH",
      "area": "VİZE",
      "postal_code": "39400"
    },
    {
      "id": 45640,
      "district_id": 600,
      "name": "KALE MAH (KIYIKÖY BELDESİ)",
      "area": "KIYIKÖY",
      "postal_code": "39480"
    },
    {
      "id": 45641,
      "district_id": 600,
      "name": "KIŞLACIK KÖYÜ",
      "area": "MERKEZKÖYLER",
      "postal_code": "39402"
    },
    {
      "id": 45642,
      "district_id": 600,
      "name": "KIZILAĞAÇ KÖYÜ",
      "area": "MERKEZKÖYLER",
      "postal_code": "39402"
    },
    {
      "id": 45643,
      "district_id": 600,
      "name": "KÖMÜRKÖY KÖYÜ",
      "area": "MERKEZKÖYLER",
      "postal_code": "39402"
    },
    {
      "id": 45644,
      "district_id": 600,
      "name": "KÜÇÜKYAYLA KÖYÜ",
      "area": "MERKEZKÖYLER",
      "postal_code": "39402"
    },
    {
      "id": 45645,
      "district_id": 600,
      "name": "MEHMET AKİF MAH",
      "area": "VİZE",
      "postal_code": "39400"
    },
    {
      "id": 45646,
      "district_id": 600,
      "name": "MÜSELLİM KÖYÜ",
      "area": "MERKEZKÖYLER",
      "postal_code": "39402"
    },
    {
      "id": 45647,
      "district_id": 600,
      "name": "NAMIK KEMAL MAH",
      "area": "VİZE",
      "postal_code": "39400"
    },
    {
      "id": 45648,
      "district_id": 600,
      "name": "OKÇULAR KÖYÜ",
      "area": "MERKEZKÖYLER",
      "postal_code": "39402"
    },
    {
      "id": 45649,
      "district_id": 600,
      "name": "PAZARLI KÖYÜ",
      "area": "MERKEZKÖYLER",
      "postal_code": "39402"
    },
    {
      "id": 45650,
      "district_id": 600,
      "name": "SAĞLIK MAH (SERGEN KÖYÜ)",
      "area": "SERGEN",
      "postal_code": "39652"
    },
    {
      "id": 45651,
      "district_id": 600,
      "name": "SOFULAR KÖYÜ",
      "area": "SERGEN",
      "postal_code": "39652"
    },
    {
      "id": 45652,
      "district_id": 600,
      "name": "SOĞUCAK KÖYÜ",
      "area": "SERGEN",
      "postal_code": "39652"
    },
    {
      "id": 45653,
      "district_id": 600,
      "name": "TOPÇUKÖY KÖYÜ",
      "area": "MERKEZKÖYLER",
      "postal_code": "39402"
    },
    {
      "id": 45654,
      "district_id": 600,
      "name": "YENİ CAMİ MAH (SERGEN KÖYÜ)",
      "area": "SERGEN",
      "postal_code": "39652"
    },
    {
      "id": 45655,
      "district_id": 600,
      "name": "ZAFER MAH (ÇAKILLI BELDESİ)",
      "area": "ÇAKILLI",
      "postal_code": "39401"
    }
  ]
}