{
  "neighborhoods": [
    {
      "id": 46077,
      "district_id": 608,
      "name": "AKÇAAĞIL KÖYÜ",
      "area": "MERKEZKÖYLER",
      "postal_code": "79502"
    },
    {
      "id": 46078,
      "district_id": 608,
      "name": "ALAHAN KÖYÜ",
      "area": "MERKEZKÖYLER",
      "postal_code": "79502"
    },
    {
      "id": 46079,
      "district_id": 608,
      "name": "AŞAĞIBEYLERBEYİ KÖYÜ",
      "area": "MERKEZKÖYLER",
      "postal_code": "79502"
    },
    {
      "id": 46080,
      "district_id": 608,
      "name": "AYNAFAR MAH (YAĞIZKÖY KÖYÜ)",
      "area": "MERKEZKÖYLER",
      "postal_code": "79502"
    },
    {
      "id": 46081,
      "district_id": 608,
      "name": "BEŞİRİYE KÖYÜ",
      "area": "MERKEZKÖYLER",
      "postal_code": "79502"
    },
    {
      "id": 46082,
      "district_id": 608,
      "name": "BULDUM MAH (GEÇERLİ KÖYÜ)",
      "area": "MERKEZKÖYLER",
      "postal_code": "79502"
    },
    {
      "id": 46083,
      "district_id": 608,
      "name": "ÇANKALLI KÖYÜ",
      "area": "MERKEZKÖYLER",
      "postal_code": "79502"
    },
    {
      "id": 46084,
      "district_id": 608,
      "name": "ÇARDAK MAH (AKÇAAĞIL KÖYÜ)",
      "area": "MERKEZKÖYLER",
      "postal_code": "79502"
    },
    {
      "id": 46085,
      "district_id": 608,
      "name": "ÇİFTLİK MAH (AKÇAAĞIL KÖYÜ)",
      "area": "MERKEZKÖYLER",
      "postal_code": "79502"
    },
    {
      "id": 46086,
      "district_id": 608,
      "name": "ÇILDIROBA KÖYÜ",
      "area": "MERKEZKÖYLER",
      "postal_code": "79502"
    },
    {
      "id": 46087,
      "district_id": 608,
      "name": "CİRİS MAH (TAŞLIBAKAR KÖYÜ)",
      "area": "MERKEZKÖYLER",
      "postal_code": "79502"
    },
    {
      "id": 46088,
      "district_id": 608,
      "name": "DELHEMİ MAH (YAĞIZKÖY KÖYÜ)",
      "area": "MERKEZKÖYLER",
      "postal_code": "79502"
    },
    {
      "id": 46089,
      "district_id": 608,
      "name": "ERİKLİYAYLA KÖYÜ",
      "area": "MERKEZKÖYLER",
      "postal_code": "79502"
    },
    {
      "id": 46090,
      "district_id": 608,
      "name": "GEÇERLİ KÖYÜ",
      "area": "MERKEZKÖYLER",
      "postal_code": "79502"
    },
    {
      "id": 46091,
      "district_id": 608,
      "name": "GÖKTEPE MAH (GEÇERLİ KÖYÜ)",
      "area": "MERKEZKÖYLER",
      "postal_code": "79502"
    },
    {
      "id": 46092,
      "district_id": 608,
      "name": "GÜNECE KÖYÜ",
      "area": "MERKEZKÖYLER",
      "postal_code": "79502"
    },
    {
      "id": 46093,
      "district_id": 608,
      "name": "GÜVENDİK KÖYÜ",
      "area": "MERKEZKÖYLER",
      "postal_code": "79502"
    },
    {
      "id": 46094,
      "district_id": 608,
      "name": "HACI ŞAKİR ÇİFTLİĞİ MAH (AŞAĞIBEYLERBEYİ KÖYÜ)",
      "area": "MERKEZKÖYLER",
      "postal_code": "79502"
    },
    {
      "id": 46095,
      "district_id": 608,
      "name": "HAVUZLUÇAM KÖYÜ",
      "area": "MERKEZKÖYLER",
      "postal_code": "79502"
    },
    {
      "id": 46096,
      "district_id": 608,
      "name": "HÜRRİYET MAH",
      "area": "ELBEYLİ",
      "postal_code": "79500"
    },
    {
      "id": 46097,
      "district_id": 608,
      "name": "İKİZKAYA MAH (KALBURSAİT KÖYÜ)",
      "area": "MERKEZKÖYLER",
      "postal_code": "79502"
    },
    {
      "id": 46098,
      "district_id": 608,
      "name": "İNÖNÜ MAH",
      "area": "ELBEYLİ",
      "postal_code": "79500"
    },
    {
      "id": 46099,
      "district_id": 608,
      "name": "KALBURSAİT KÖYÜ",
      "area": "MERKEZKÖYLER",
      "postal_code": "79502"
    },
    {
      "id": 46100,
      "district_id": 608,
      "name": "KAPLANLAR MAH (HAVUZLUÇAM KÖYÜ)",
      "area": "MERKEZKÖYLER",
      "postal_code": "79502"
    },
    {
      "id": 46101,
      "district_id": 608,
      "name": "KARAÇAĞIL KÖYÜ",
      "area": "MERKEZKÖYLER",
      "postal_code": "79502"
    },
    {
      "id": 46102,
      "district_id": 608,
      "name": "KARACURUN KÖYÜ",
      "area": "MERKEZKÖYLER",
      "postal_code": "79502"
    },
    {
      "id": 46103,
      "district_id": 608,
      "name": "KESMELİK MAH (AKÇAAĞIL KÖYÜ)",
      "area": "MERKEZKÖYLER",
      "postal_code": "79502"
    },
    {
      "id": 46104,
      "district_id": 608,
      "name": "KILCAN KÖYÜ",
      "area": "MERKEZKÖYLER",
      "postal_code": "79502"
    },
    {
      "id": 46105,
      "district_id": 608,
      "name": "KÜÇÜKBIYKIR MAH (ÇILDIROBA KÖYÜ)",
      "area": "MERKEZKÖYLER",
      "postal_code": "79502"
    },
    {
      "id": 46106,
      "district_id": 608,
      "name": "KUMSURUN MAH (GEÇERLİ KÖYÜ)",
      "area": "MERKEZKÖYLER",
      "postal_code": "79502"
    },
    {
      "id": 46107,
      "district_id": 608,
      "name": "MAHLİÖREN MAH (TURANLI KÖYÜ)",
      "area": "MERKEZKÖYLER",
      "postal_code": "79502"
    },
    {
      "id": 46108,
      "district_id": 608,
      "name": "MERCANLI KÖYÜ",
      "area": "MERKEZKÖYLER",
      "postal_code": "79502"
    },
    {
      "id": 46109,
      "district_id": 608,
      "name": "NECMETTİN ERBAKAN MAH",
      "area": "ELBEYLİ",
      "postal_code": "79500"
    },
    {
      "id": 46110,
      "district_id": 608,
      "name": "ÖZKANLAR MAH (YAĞIZKÖY KÖYÜ)",
      "area": "MERKEZKÖYLER",
      "postal_code": "79502"
    },
    {
      "id": 46111,
      "district_id": 608,
      "name": "SAĞLICAK KÖYÜ",
      "area": "MERKEZKÖYLER",
      "postal_code": "79502"
    },
    {
      "id": 46112,
      "district_id": 608,
      "name": "SALHAN MAH (ALAHAN KÖYÜ)",
      "area": "MERKEZKÖYLER",
      "postal_code": "79502"
    },
    {
      "id": 46113,
      "district_id": 608,
      "name": "SARIEVLER MAH (HAVUZLUÇAM KÖYÜ)",
      "area": "MERKEZKÖYLER",
      "postal_code": "79502"
    },
    {
      "id": 46114,
      "district_id": 608,
      "name": "SEKİZLER MAH (GÜVENDİK KÖYÜ)",
      "area": "MERKEZKÖYLER",
      "postal_code": "79502"
    },
    {
      "id": 46115,
      "district_id": 608,
      "name": "SELMİNCİK KÖYÜ",
      "area": "MERKEZKÖYLER",
      "postal_code": "79502"
    },
    {
      "id": 46116,
      "district_id": 608,
      "name": "SOLAK MAH (ERİKLİYAYLA KÖYÜ)",
      "area": "MERKEZKÖYLER",
      "postal_code": "79502"
    },
    {
      "id": 46117,
      "district_id": 608,
      "name": "TAŞLIBAKAR KÖYÜ",
      "area": "MERKEZKÖYLER",
      "postal_code": "79502"
    },
    {
      "id": 46118,
      "district_id": 608,
      "name": "TİLKİP MAH (KARAÇAĞIL KÖYÜ)",
      "area": "MERKEZKÖYLER",
      "postal_code": "79502"
    },
    {
      "id": 46119,
      "district_id": 608,
      "name": "TURANLI KÖYÜ",
      "area": "MERKEZKÖYLER",
      "postal_code": "79502"
    },
    {
      "id": 46120,
      "district_id": 608,
      "name": "UĞURLAR KÖYÜ",
      "area": "MERKEZKÖYLER",
      "postal_code": "79502"
    },
    {
      "id": 46121,
      "district_id": 608,
      "name": "UZUNALİ MAH (ALAHAN KÖYÜ)",
      "area": "MERKEZKÖYLER",
      "postal_code": "79502"
    },
    {
      "id": 46122,
      "district_id": 608,
      "name": "YAĞIZKÖY KÖYÜ",
      "area": "MERKEZKÖYLER",
      "postal_code": "79502"
    },
    {
      "id": 46123,
      "district_id": 608,
      "name": "YALÇIN NANE MAH",
      "area": "ELBEYLİ",
      "postal_code": "79500"
    },
    {
      "id": 46124,
      "district_id": 608,
      "name": "YAZILIBAHAR MAH (HAVUZLUÇAM KÖYÜ)",
      "area": "MERKEZKÖYLER",
      "postal_code": "79502"
    },
    {
      "id": 46125,
      "district_id": 608,
      "name": "YENİDEĞİRMEN KÖYÜ",
      "area": "MERKEZKÖYLER",
      "postal_code": "79502"
    },
    {
      "id": 46126,
      "district_id": 608,
      "name": "YEŞİLYURT MAH (AKÇAAĞIL KÖYÜ)",
      "area": "MERKEZKÖYLER",
      "postal_code": "79502"
    },
    {
      "id": 46127,
      "district_id": 608,
      "name": "YILANLI MAH (KALBURSAİT KÖYÜ)",
      "area": "MERKEZKÖYLER",
      "postal_code": "79502"
    },
    {
      "id": 46128,
      "district_id": 609,
      "name": "ABDİOYMAĞI MAH",
      "area": "KİLİS",
      "postal_code": "79090"
    },
    {
      "id": 46129,
      "district_id": 609,
      "name": "ACAR KÖYÜ",
      "area": "MERKEZKÖYLER",
      "postal_code": "79002"
    },
    {
      "id": 46130,
      "district_id": 609,
      "name": "ACAR MAH (ACAR KÖYÜ)",
      "area": "MERKEZKÖYLER",
      "postal_code": "79002"
    },
    {
      "id": 46131,
      "district_id": 609,
      "name": "AKÇABAĞLAR KÖYÜ",
      "area": "MERKEZKÖYLER",
      "postal_code": "79002"
    },
    {
      "id": 46132,
      "district_id": 609,
      "name": "AKDİLEK MAH (DURUCA KÖYÜ)",
      "area": "MERKEZKÖYLER",
      "postal_code": "79002"
    },
    {
      "id": 46133,
      "district_id": 609,
      "name": "AKINCI KÖYÜ",
      "area": "MERKEZKÖYLER",
      "postal_code": "79002"
    },
    {
      "id": 46134,
      "district_id": 609,
      "name": "AKPINAR MAH",
      "area": "KİLİS",
      "postal_code": "79090"
    },
    {
      "id": 46135,
      "district_id": 609,
      "name": "ALATEPE KÖYÜ",
      "area": "MERKEZKÖYLER",
      "postal_code": "79002"
    },
    {
      "id": 46136,
      "district_id": 609,
      "name": "ALBAY İBRAHİM KARAOĞLANOĞLU MAH",
      "area": "KİLİS",
      "postal_code": "79090"
    },
    {
      "id": 46137,
      "district_id": 609,
      "name": "ALİ GÜN MAH (YAVUZLU KÖYÜ)",
      "area": "MERKEZKÖYLER",
      "postal_code": "79002"
    },
    {
      "id": 46138,
      "district_id": 609,
      "name": "ALTINÜZÜM MAH",
      "area": "KİLİS",
      "postal_code": "79090"
    },
    {
      "id": 46139,
      "district_id": 609,
      "name": "ARPAKESMEZ KÖYÜ",
      "area": "MERKEZKÖYLER",
      "postal_code": "79002"
    },
    {
      "id": 46140,
      "district_id": 609,
      "name": "AŞIT MAH",
      "area": "KİLİS",
      "postal_code": "79090"
    },
    {
      "id": 46141,
      "district_id": 609,
      "name": "ASLAN MAH",
      "area": "KİLİS",
      "postal_code": "79090"
    },
    {
      "id": 46142,
      "district_id": 609,
      "name": "ATATÜRK MAH",
      "area": "KİLİS",
      "postal_code": "79090"
    },
    {
      "id": 46143,
      "district_id": 609,
      "name": "AYBASTI MAH (DURUCA KÖYÜ)",
      "area": "MERKEZKÖYLER",
      "postal_code": "79002"
    },
    {
      "id": 46144,
      "district_id": 609,
      "name": "BARIŞ MAH",
      "area": "KİLİS",
      "postal_code": "79090"
    },
    {
      "id": 46145,
      "district_id": 609,
      "name": "BAŞMAĞARA KÖYÜ",
      "area": "MERKEZKÖYLER",
      "postal_code": "79002"
    },
    {
      "id": 46146,
      "district_id": 609,
      "name": "BAYRAMLI MAH (ÇÖRTEN KÖYÜ)",
      "area": "MERKEZKÖYLER",
      "postal_code": "79002"
    },
    {
      "id": 46147,
      "district_id": 609,
      "name": "BEŞENLİ KÖYÜ",
      "area": "MERKEZKÖYLER",
      "postal_code": "79002"
    },
    {
      "id": 46148,
      "district_id": 609,
      "name": "BEŞİKKAYA KÖYÜ",
      "area": "MERKEZKÖYLER",
      "postal_code": "79002"
    },
    {
      "id": 46149,
      "district_id": 609,
      "name": "BİLAL HABEŞİ MAH (YAVUZLU KÖYÜ)",
      "area": "MERKEZKÖYLER",
      "postal_code": "79002"
    },
    {
      "id": 46150,
      "district_id": 609,
      "name": "BİLALİ HABEŞ MAH",
      "area": "KİLİS",
      "postal_code": "79090"
    },
    {
      "id": 46151,
      "district_id": 609,
      "name": "BÖLÜK MAH",
      "area": "KİLİS",
      "postal_code": "79090"
    },
    {
      "id": 46152,
      "district_id": 609,
      "name": "BOZCAYAZI KÖYÜ",
      "area": "MERKEZKÖYLER",
      "postal_code": "79002"
    },
    {
      "id": 46153,
      "district_id": 609,
      "name": "BUĞDAYLI MAH (GÜNEŞLİ KÖYÜ)",
      "area": "MERKEZKÖYLER",
      "postal_code": "79002"
    },
    {
      "id": 46154,
      "district_id": 609,
      "name": "BULAMAÇLI KÖYÜ",
      "area": "MERKEZKÖYLER",
      "postal_code": "79002"
    },
    {
      "id": 46155,
      "district_id": 609,
      "name": "BÜYÜKKONAK KÖYÜ",
      "area": "MERKEZKÖYLER",
      "postal_code": "79002"
    },
    {
      "id": 46156,
      "district_id": 609,
      "name": "BÜYÜKKÜTAH MAH",
      "area": "KİLİS",
      "postal_code": "79090"
    },
    {
      "id": 46157,
      "district_id": 609,
      "name": "ÇAKALLIPINAR KÖYÜ",
      "area": "MERKEZKÖYLER",
      "postal_code": "79002"
    },
    {
      "id": 46158,
      "district_id": 609,
      "name": "ÇALKAYA KÖYÜ",
      "area": "MERKEZKÖYLER",
      "postal_code": "79002"
    },
    {
      "id": 46159,
      "district_id": 609,
      "name": "CANPOLAT PAŞA MAH",
      "area": "KİLİS",
      "postal_code": "79090"
    },
    {
      "id": 46160,
      "district_id": 609,
      "name": "ÇAYLAK MAH",
      "area": "KİLİS",
      "postal_code": "79090"
    },
    {
      "id": 46161,
      "district_id": 609,
      "name": "ÇERÇİLİ KÖYÜ",
      "area": "MERKEZKÖYLER",
      "postal_code": "79002"
    },
    {
      "id": 46162,
      "district_id": 609,
      "name": "CERİTLER KÖYÜ",
      "area": "MERKEZKÖYLER",
      "postal_code": "79002"
    },
    {
      "id": 46163,
      "district_id": 609,
      "name": "ÇİLORLAR MAH (ÇERÇİLİ KÖYÜ)",
      "area": "MERKEZKÖYLER",
      "postal_code": "79002"
    },
    {
      "id": 46164,
      "district_id": 609,
      "name": "ÇÖRTEN KÖYÜ",
      "area": "MERKEZKÖYLER",
      "postal_code": "79002"
    },
    {
      "id": 46165,
      "district_id": 609,
      "name": "ÇUKUROBA KÖYÜ",
      "area": "MERKEZKÖYLER",
      "postal_code": "79002"
    },
    {
      "id": 46166,
      "district_id": 609,
      "name": "CUMHURİYET MAH",
      "area": "KİLİS",
      "postal_code": "79090"
    },
    {
      "id": 46167,
      "district_id": 609,
      "name": "DELİÇAY KÖYÜ",
      "area": "MERKEZKÖYLER",
      "postal_code": "79002"
    },
    {
      "id": 46168,
      "district_id": 609,
      "name": "DELİOSMAN KÖYÜ",
      "area": "MERKEZKÖYLER",
      "postal_code": "79002"
    },
    {
      "id": 46169,
      "district_id": 609,
      "name": "DEMİRCİLER KÖYÜ",
      "area": "MERKEZKÖYLER",
      "postal_code": "79002"
    },
    {
      "id": 46170,
      "district_id": 609,
      "name": "DEMİRCİLER MAH",
      "area": "KİLİS",
      "postal_code": "79090"
    },
    {
      "id": 46171,
      "district_id": 609,
      "name": "DEMİRIŞIK KÖYÜ",
      "area": "MERKEZKÖYLER",
      "postal_code": "79002"
    },
    {
      "id": 46172,
      "district_id": 609,
      "name": "DEVECİLER MAH",
      "area": "KİLİS",
      "postal_code": "79090"
    },
    {
      "id": 46173,
      "district_id": 609,
      "name": "DOĞAN GÜREŞ PAŞA MAH",
      "area": "KİLİS",
      "postal_code": "79090"
    },
    {
      "id": 46174,
      "district_id": 609,
      "name": "DOĞANÇAY KÖYÜ",
      "area": "MERKEZKÖYLER",
      "postal_code": "79002"
    },
    {
      "id": 46175,
      "district_id": 609,
      "name": "DOĞANLI MAH (BOZCAYAZI KÖYÜ)",
      "area": "MERKEZKÖYLER",
      "postal_code": "79002"
    },
    {
      "id": 46176,
      "district_id": 609,
      "name": "DÖLEK KÖYÜ",
      "area": "MERKEZKÖYLER",
      "postal_code": "79002"
    },
    {
      "id": 46177,
      "district_id": 609,
      "name": "DURUCA KÖYÜ",
      "area": "MERKEZKÖYLER",
      "postal_code": "79002"
    },
    {
      "id": 46178,
      "district_id": 609,
      "name": "EBULÜLE MAH",
      "area": "KİLİS",
      "postal_code": "79090"
    },
    {
      "id": 46179,
      "district_id": 609,
      "name": "EKREM ÇETİN MAH",
      "area": "KİLİS",
      "postal_code": "79090"
    },
    {
      "id": 46180,
      "district_id": 609,
      "name": "ELBEREN MAH (KARAÇAVUŞ KÖYÜ)",
      "area": "MERKEZKÖYLER",
      "postal_code": "79002"
    },
    {
      "id": 46181,
      "district_id": 609,
      "name": "FATİH SULTAN MEHMET MAH",
      "area": "KİLİS",
      "postal_code": "79090"
    },
    {
      "id": 46182,
      "district_id": 609,
      "name": "GAZİLER MAH",
      "area": "KİLİS",
      "postal_code": "79090"
    },
    {
      "id": 46183,
      "district_id": 609,
      "name": "GENÇTEPE MAH (KARAMELİK KÖYÜ)",
      "area": "MERKEZKÖYLER",
      "postal_code": "79002"
    },
    {
      "id": 46184,
      "district_id": 609,
      "name": "GÖKTAŞ KÖYÜ",
      "area": "MERKEZKÖYLER",
      "postal_code": "79002"
    },
    {
      "id": 46185,
      "district_id": 609,
      "name": "GÖZKAYA KÖYÜ",
      "area": "MERKEZKÖYLER",
      "postal_code": "79002"
    },
    {
      "id": 46186,
      "district_id": 609,
      "name": "GÜLBABA KÖYÜ",
      "area": "MERKEZKÖYLER",
      "postal_code": "79002"
    },
    {
      "id": 46187,
      "district_id": 609,
      "name": "GÜMÜŞSUYU KÖYÜ",
      "area": "MERKEZKÖYLER",
      "postal_code": "79002"
    },
    {
      "id": 46188,
      "district_id": 609,
      "name": "GÜNEŞLİ KÖYÜ",
      "area": "MERKEZKÖYLER",
      "postal_code": "79002"
    },
    {
      "id": 46189,
      "district_id": 609,
      "name": "GÜVENLİ KÖYÜ",
      "area": "MERKEZKÖYLER",
      "postal_code": "79002"
    },
    {
      "id": 46190,
      "district_id": 609,
      "name": "HACI GÜMÜŞ MAH",
      "area": "KİLİS",
      "postal_code": "79090"
    },
    {
      "id": 46191,
      "district_id": 609,
      "name": "HACI İLYAS MAH",
      "area": "KİLİS",
      "postal_code": "79090"
    },
    {
      "id": 46192,
      "district_id": 609,
      "name": "HAKVERDİ MAH",
      "area": "KİLİS",
      "postal_code": "79090"
    },
    {
      "id": 46193,
      "district_id": 609,
      "name": "HAPSE MAH (YAVUZLU KÖYÜ)",
      "area": "MERKEZKÖYLER",
      "postal_code": "79002"
    },
    {
      "id": 46194,
      "district_id": 609,
      "name": "HASAN KAMİL DEMİRBAŞ MAH",
      "area": "KİLİS",
      "postal_code": "79090"
    },
    {
      "id": 46195,
      "district_id": 609,
      "name": "HELVACIOĞLU MAH",
      "area": "KİLİS",
      "postal_code": "79090"
    },
    {
      "id": 46196,
      "district_id": 609,
      "name": "HICIPOĞLU KÖYÜ",
      "area": "MERKEZKÖYLER",
      "postal_code": "79002"
    },
    {
      "id": 46197,
      "district_id": 609,
      "name": "HİNDİOĞLU MAH",
      "area": "KİLİS",
      "postal_code": "79090"
    },
    {
      "id": 46198,
      "district_id": 609,
      "name": "HİSAR KÖYÜ",
      "area": "MERKEZKÖYLER",
      "postal_code": "79002"
    },
    {
      "id": 46199,
      "district_id": 609,
      "name": "HİZOLAR MAH (NARLICA KÖYÜ)",
      "area": "MERKEZKÖYLER",
      "postal_code": "79002"
    },
    {
      "id": 46200,
      "district_id": 609,
      "name": "HÜRRİYET MAH",
      "area": "KİLİS",
      "postal_code": "79090"
    },
    {
      "id": 46201,
      "district_id": 609,
      "name": "HÜYÜKLÜ KÖYÜ",
      "area": "MERKEZKÖYLER",
      "postal_code": "79002"
    },
    {
      "id": 46202,
      "district_id": 609,
      "name": "İNANLI KÖYÜ",
      "area": "MERKEZKÖYLER",
      "postal_code": "79002"
    },
    {
      "id": 46203,
      "district_id": 609,
      "name": "İNNAPLI KÜTAH MAH",
      "area": "KİLİS",
      "postal_code": "79090"
    },
    {
      "id": 46204,
      "district_id": 609,
      "name": "İSLAMBEY MAH",
      "area": "KİLİS",
      "postal_code": "79090"
    },
    {
      "id": 46205,
      "district_id": 609,
      "name": "İSMET PAŞA MAH",
      "area": "KİLİS",
      "postal_code": "79090"
    },
    {
      "id": 46206,
      "district_id": 609,
      "name": "KANUNİ SULTAN SÜLEYMAN MAH",
      "area": "KİLİS",
      "postal_code": "79090"
    },
    {
      "id": 46207,
      "district_id": 609,
      "name": "KAPDEĞİRMENİ KÖYÜ",
      "area": "MERKEZKÖYLER",
      "postal_code": "79002"
    },
    {
      "id": 46208,
      "district_id": 609,
      "name": "KARAALİ MAH",
      "area": "KİLİS",
      "postal_code": "79090"
    },
    {
      "id": 46209,
      "district_id": 609,
      "name": "KARACAÖREN KÖYÜ",
      "area": "MERKEZKÖYLER",
      "postal_code": "79002"
    },
    {
      "id": 46210,
      "district_id": 609,
      "name": "KARAÇAVUŞ KÖYÜ",
      "area": "MERKEZKÖYLER",
      "postal_code": "79002"
    },
    {
      "id": 46211,
      "district_id": 609,
      "name": "KARAKOYUNLU MAH (DÖLEK KÖYÜ)",
      "area": "MERKEZKÖYLER",
      "postal_code": "79002"
    },
    {
      "id": 46212,
      "district_id": 609,
      "name": "KARAMELİK KÖYÜ",
      "area": "MERKEZKÖYLER",
      "postal_code": "79002"
    },
    {
      "id": 46213,
      "district_id": 609,
      "name": "KARTALBEY MAH",
      "area": "KİLİS",
      "postal_code": "79090"
    },
    {
      "id": 46214,
      "district_id": 609,
      "name": "KAZIM KARABEKİR MAH",
      "area": "KİLİS",
      "postal_code": "79090"
    },
    {
      "id": 46215,
      "district_id": 609,
      "name": "KETENCİLER MAH",
      "area": "KİLİS",
      "postal_code": "79090"
    },
    {
      "id": 46216,
      "district_id": 609,
      "name": "KİLOLAR MAH (ÇERÇİLİ KÖYÜ)",
      "area": "MERKEZKÖYLER",
      "postal_code": "79002"
    },
    {
      "id": 46217,
      "district_id": 609,
      "name": "KOCABEYLİ KÖYÜ",
      "area": "MERKEZKÖYLER",
      "postal_code": "79002"
    },
    {
      "id": 46218,
      "district_id": 609,
      "name": "KÜÇÜK MISIRCIK MAH (MISIRCIK KÖYÜ)",
      "area": "MERKEZKÖYLER",
      "postal_code": "79002"
    },
    {
      "id": 46219,
      "district_id": 609,
      "name": "KÜÇÜKKONAK KÖYÜ",
      "area": "MERKEZKÖYLER",
      "postal_code": "79002"
    },
    {
      "id": 46220,
      "district_id": 609,
      "name": "KÜÇÜKMAYA MAH (ÇUKUROBA KÖYÜ)",
      "area": "MERKEZKÖYLER",
      "postal_code": "79002"
    },
    {
      "id": 46221,
      "district_id": 609,
      "name": "KÜPLÜCE KÖYÜ",
      "area": "MERKEZKÖYLER",
      "postal_code": "79002"
    },
    {
      "id": 46222,
      "district_id": 609,
      "name": "KÜRTÜNCÜ MAH (GÜVENLİ KÖYÜ)",
      "area": "MERKEZKÖYLER",
      "postal_code": "79002"
    },
    {
      "id": 46223,
      "district_id": 609,
      "name": "KUSKUNKIRAN KÖYÜ",
      "area": "MERKEZKÖYLER",
      "postal_code": "79002"
    },
    {
      "id": 46224,
      "district_id": 609,
      "name": "KUZUİNİ KÖYÜ",
      "area": "MERKEZKÖYLER",
      "postal_code": "79002"
    },
    {
      "id": 46225,
      "district_id": 609,
      "name": "MAĞARACIK KÖYÜ",
      "area": "MERKEZKÖYLER",
      "postal_code": "79002"
    },
    {
      "id": 46226,
      "district_id": 609,
      "name": "MARAŞAL FEVZİ ÇAKMAK MAH",
      "area": "KİLİS",
      "postal_code": "79090"
    },
    {
      "id": 46227,
      "district_id": 609,
      "name": "MEHMET ABDİ BULUT MAH",
      "area": "KİLİS",
      "postal_code": "79090"
    },
    {
      "id": 46228,
      "district_id": 609,
      "name": "MEHMET RIFAT KAZANCIOĞLU MAH",
      "area": "KİLİS",
      "postal_code": "79090"
    },
    {
      "id": 46229,
      "district_id": 609,
      "name": "MEHMET SANLI MAH",
      "area": "KİLİS",
      "postal_code": "79090"
    },
    {
      "id": 46230,
      "district_id": 609,
      "name": "MEHMETALİ KÖYÜ",
      "area": "MERKEZKÖYLER",
      "postal_code": "79002"
    },
    {
      "id": 46231,
      "district_id": 609,
      "name": "MERCİDABIK MAH",
      "area": "KİLİS",
      "postal_code": "79090"
    },
    {
      "id": 46232,
      "district_id": 609,
      "name": "MEŞETLİK MAH",
      "area": "KİLİS",
      "postal_code": "79090"
    },
    {
      "id": 46233,
      "district_id": 609,
      "name": "MIHALİ MAH",
      "area": "KİLİS",
      "postal_code": "79090"
    },
    {
      "id": 46234,
      "district_id": 609,
      "name": "MISIRCIK KÖYÜ",
      "area": "MERKEZKÖYLER",
      "postal_code": "79002"
    },
    {
      "id": 46235,
      "district_id": 609,
      "name": "MUALLİM RIFAT BİLGE MAH",
      "area": "KİLİS",
      "postal_code": "79090"
    },
    {
      "id": 46236,
      "district_id": 609,
      "name": "MÜCAHİTLER MAH",
      "area": "KİLİS",
      "postal_code": "79090"
    },
    {
      "id": 46237,
      "district_id": 609,
      "name": "MULLAHAMİT MAH",
      "area": "KİLİS",
      "postal_code": "79090"
    },
    {
      "id": 46238,
      "district_id": 609,
      "name": "MÜSLÜMANBEY MAH",
      "area": "KİLİS",
      "postal_code": "79090"
    },
    {
      "id": 46239,
      "district_id": 609,
      "name": "NACAROĞLU MAH",
      "area": "KİLİS",
      "postal_code": "79090"
    },
    {
      "id": 46240,
      "district_id": 609,
      "name": "NAMIK KEMAL MAH",
      "area": "KİLİS",
      "postal_code": "79090"
    },
    {
      "id": 46241,
      "district_id": 609,
      "name": "NAMIK ÜNLER PAŞA MAH",
      "area": "KİLİS",
      "postal_code": "79090"
    },
    {
      "id": 46242,
      "district_id": 609,
      "name": "NARLICA KÖYÜ",
      "area": "MERKEZKÖYLER",
      "postal_code": "79002"
    },
    {
      "id": 46243,
      "district_id": 609,
      "name": "NECMETTİN ERBAKAN MAH",
      "area": "KİLİS",
      "postal_code": "79090"
    },
    {
      "id": 46244,
      "district_id": 609,
      "name": "NEDİM ÖKMEN MAH",
      "area": "KİLİS",
      "postal_code": "79090"
    },
    {
      "id": 46245,
      "district_id": 609,
      "name": "NURETTİN MAH",
      "area": "KİLİS",
      "postal_code": "79090"
    },
    {
      "id": 46246,
      "district_id": 609,
      "name": "OKÇULAR MAH",
      "area": "KİLİS",
      "postal_code": "79090"
    },
    {
      "id": 46247,
      "district_id": 609,
      "name": "ÖNCÜ PINAR MAH",
      "area": "KİLİS",
      "postal_code": "79090"
    },
    {
      "id": 46248,
      "district_id": 609,
      "name": "ORGANİZE SANAYİ BÖLGESİ MAH",
      "area": "KİLİS",
      "postal_code": "79090"
    },
    {
      "id": 46249,
      "district_id": 609,
      "name": "ORUÇLU MAH (KÜPLÜCE KÖYÜ)",
      "area": "MERKEZKÖYLER",
      "postal_code": "79002"
    },
    {
      "id": 46250,
      "district_id": 609,
      "name": "OSMAN GAZİ MAH",
      "area": "KİLİS",
      "postal_code": "79090"
    },
    {
      "id": 46251,
      "district_id": 609,
      "name": "OTLUCA MAH (SAATLİ KÖYÜ)",
      "area": "MERKEZKÖYLER",
      "postal_code": "79002"
    },
    {
      "id": 46252,
      "district_id": 609,
      "name": "OYLUM MAH",
      "area": "KİLİS",
      "postal_code": "79090"
    },
    {
      "id": 46253,
      "district_id": 609,
      "name": "POLAT PAŞA MAH",
      "area": "KİLİS",
      "postal_code": "79090"
    },
    {
      "id": 46254,
      "district_id": 609,
      "name": "SAATLİ KÖYÜ",
      "area": "MERKEZKÖYLER",
      "postal_code": "79002"
    },
    {
      "id": 46255,
      "district_id": 609,
      "name": "SAPKANLI MAH (GÜLBABA KÖYÜ)",
      "area": "MERKEZKÖYLER",
      "postal_code": "79002"
    },
    {
      "id": 46256,
      "district_id": 609,
      "name": "SARAÇ MEHMET ÇAVUŞ MAH",
      "area": "KİLİS",
      "postal_code": "79090"
    },
    {
      "id": 46257,
      "district_id": 609,
      "name": "ŞEHİT SAKIP MAH",
      "area": "KİLİS",
      "postal_code": "79090"
    },
    {
      "id": 46258,
      "district_id": 609,
      "name": "ŞEHİTLER MAH",
      "area": "KİLİS",
      "postal_code": "79090"
    },
    {
      "id": 46259,
      "district_id": 609,
      "name": "ŞIH ABDULLAH MAH",
      "area": "KİLİS",
      "postal_code": "79090"
    },
    {
      "id": 46260,
      "district_id": 609,
      "name": "ŞIH AHMET MAH",
      "area": "KİLİS",
      "postal_code": "79090"
    },
    {
      "id": 46261,
      "district_id": 609,
      "name": "ŞIH MEHMET MAH",
      "area": "KİLİS",
      "postal_code": "79090"
    },
    {
      "id": 46262,
      "district_id": 609,
      "name": "ŞIHLAR MAH",
      "area": "KİLİS",
      "postal_code": "79090"
    },
    {
      "id": 46263,
      "district_id": 609,
      "name": "SİNAN PAŞA MAH (YAVUZLU KÖYÜ)",
      "area": "MERKEZKÖYLER",
      "postal_code": "79002"
    },
    {
      "id": 46264,
      "district_id": 609,
      "name": "ŞÖRHABİL MAH",
      "area": "KİLİS",
      "postal_code": "79090"
    },
    {
      "id": 46265,
      "district_id": 609,
      "name": "SÜNGÜTEPE KÖYÜ",
      "area": "MERKEZKÖYLER",
      "postal_code": "79002"
    },
    {
      "id": 46266,
      "district_id": 609,
      "name": "TABAKHANE MAH",
      "area": "KİLİS",
      "postal_code": "79090"
    },
    {
      "id": 46267,
      "district_id": 609,
      "name": "TAHTALI KÖYÜ",
      "area": "MERKEZKÖYLER",
      "postal_code": "79002"
    },
    {
      "id": 46268,
      "district_id": 609,
      "name": "TANBIRALI KÖYÜ",
      "area": "MERKEZKÖYLER",
      "postal_code": "79002"
    },
    {
      "id": 46269,
      "district_id": 609,
      "name": "TAŞPINAR MAH (ÇALKAYA KÖYÜ)",
      "area": "MERKEZKÖYLER",
      "postal_code": "79002"
    },
    {
      "id": 46270,
      "district_id": 609,
      "name": "TEKYE MAH",
      "area": "KİLİS",
      "postal_code": "79090"
    },
    {
      "id": 46271,
      "district_id": 609,
      "name": "TIRIKLI MAH",
      "area": "KİLİS",
      "postal_code": "79090"
    },
    {
      "id": 46272,
      "district_id": 609,
      "name": "TOPDAĞI KÖYÜ",
      "area": "MERKEZKÖYLER",
      "postal_code": "79002"
    },
    {
      "id": 46273,
      "district_id": 609,
      "name": "TOSYALI MAH",
      "area": "KİLİS",
      "postal_code": "79090"
    },
    {
      "id": 46274,
      "district_id": 609,
      "name": "UZUNLU KÖYÜ",
      "area": "MERKEZKÖYLER",
      "postal_code": "79002"
    },
    {
      "id": 46275,
      "district_id": 609,
      "name": "VAİZ MAH",
      "area": "KİLİS",
      "postal_code": "79090"
    },
    {
      "id": 46276,
      "district_id": 609,
      "name": "YAMAÇ BEŞENLİ MAH (BEŞENLİ KÖYÜ)",
      "area": "MERKEZKÖYLER",
      "postal_code": "79002"
    },
    {
      "id": 46277,
      "district_id": 609,
      "name": "YAŞAR AKTÜRK MAH",
      "area": "KİLİS",
      "postal_code": "79090"
    },
    {
      "id": 46278,
      "district_id": 609,
      "name": "YAVUZ MAH (YAVUZLU KÖYÜ)",
      "area": "MERKEZKÖYLER",
      "postal_code": "79002"
    },
    {
      "id": 46279,
      "district_id": 609,
      "name": "YAVUZ SULTAN SELİM MAH",
      "area": "KİLİS",
      "postal_code": "79090"
    },
    {
      "id": 46280,
      "district_id": 609,
      "name": "YEDİ ARALIK MAH",
      "area": "KİLİS",
      "postal_code": "79090"
    },
    {
      "id": 46281,
      "district_id": 609,
      "name": "YENİ MAH",
      "area": "KİLİS",
      "postal_code": "79090"
    },
    {
      "id": 46282,
      "district_id": 609,
      "name": "YUKARI BEŞENLİ MAH (BEŞENLİ KÖYÜ)",
      "area": "MERKEZKÖYLER",
      "postal_code": "79002"
    },
    {
      "id": 46283,
      "district_id": 609,
      "name": "ZEYTİNLİ MAH",
      "area": "KİLİS",
      "postal_code": "79090"
    },
    {
      "id": 46284,
      "district_id": 610,
      "name": "AĞCAKENT KÖYÜ",
      "area": "MERKEZKÖYLER",
      "postal_code": "79602"
    },
    {
      "id": 46285,
      "district_id": 610,
      "name": "AŞAĞIBADEMLİ KÖYÜ",
      "area": "MERKEZKÖYLER",
      "postal_code": "79602"
    },
    {
      "id": 46286,
      "district_id": 610,
      "name": "AŞAĞIKALECİK KÖYÜ",
      "area": "MERKEZKÖYLER",
      "postal_code": "79602"
    },
    {
      "id": 46287,
      "district_id": 610,
      "name": "BALIKLI KÖYÜ",
      "area": "MERKEZKÖYLER",
      "postal_code": "79602"
    },
    {
      "id": 46288,
      "district_id": 610,
      "name": "BELENTEPE KÖYÜ",
      "area": "MERKEZKÖYLER",
      "postal_code": "79602"
    },
    {
      "id": 46289,
      "district_id": 610,
      "name": "BOGAZKİRİM MAH (DORUCAK KÖYÜ)",
      "area": "MERKEZKÖYLER",
      "postal_code": "79602"
    },
    {
      "id": 46290,
      "district_id": 610,
      "name": "BOZKAYA KÖYÜ",
      "area": "MERKEZKÖYLER",
      "postal_code": "79602"
    },
    {
      "id": 46291,
      "district_id": 610,
      "name": "ÇAKMAK MAH (KÖRAHMETHÜYÜĞÜ KÖYÜ)",
      "area": "MERKEZKÖYLER",
      "postal_code": "79602"
    },
    {
      "id": 46292,
      "district_id": 610,
      "name": "ÇAYIRALTI KÖYÜ",
      "area": "MERKEZKÖYLER",
      "postal_code": "79602"
    },
    {
      "id": 46293,
      "district_id": 610,
      "name": "ÇINARKÖY KÖYÜ",
      "area": "MERKEZKÖYLER",
      "postal_code": "79602"
    },
    {
      "id": 46294,
      "district_id": 610,
      "name": "CUMHURİYET MAH",
      "area": "MUSABEYLİ",
      "postal_code": "79600"
    },
    {
      "id": 46295,
      "district_id": 610,
      "name": "DORUCAK KÖYÜ",
      "area": "MERKEZKÖYLER",
      "postal_code": "79602"
    },
    {
      "id": 46296,
      "district_id": 610,
      "name": "DUTLUCA KÖYÜ",
      "area": "MERKEZKÖYLER",
      "postal_code": "79602"
    },
    {
      "id": 46297,
      "district_id": 610,
      "name": "FERİCEK KÖYÜ",
      "area": "MERKEZKÖYLER",
      "postal_code": "79602"
    },
    {
      "id": 46298,
      "district_id": 610,
      "name": "FIRLAKLI KÖYÜ",
      "area": "MERKEZKÖYLER",
      "postal_code": "79602"
    },
    {
      "id": 46299,
      "district_id": 610,
      "name": "GEÇİTBOYU KÖYÜ",
      "area": "MERKEZKÖYLER",
      "postal_code": "79602"
    },
    {
      "id": 46300,
      "district_id": 610,
      "name": "GÖKMUSA KÖYÜ",
      "area": "MERKEZKÖYLER",
      "postal_code": "79602"
    },
    {
      "id": 46301,
      "district_id": 610,
      "name": "GÖVCELİ MAH (AŞAĞIBADEMLİ KÖYÜ)",
      "area": "MERKEZKÖYLER",
      "postal_code": "79602"
    },
    {
      "id": 46302,
      "district_id": 610,
      "name": "GÖZLÜCE KÖYÜ",
      "area": "MERKEZKÖYLER",
      "postal_code": "79602"
    },
    {
      "id": 46303,
      "district_id": 610,
      "name": "GÜNDEĞER KÖYÜ",
      "area": "MERKEZKÖYLER",
      "postal_code": "79602"
    },
    {
      "id": 46304,
      "district_id": 610,
      "name": "HACILAR KÖYÜ",
      "area": "MERKEZKÖYLER",
      "postal_code": "79602"
    },
    {
      "id": 46305,
      "district_id": 610,
      "name": "HASANCALI KÖYÜ",
      "area": "MERKEZKÖYLER",
      "postal_code": "79602"
    },
    {
      "id": 46306,
      "district_id": 610,
      "name": "HAYDARLAR KÖYÜ",
      "area": "MERKEZKÖYLER",
      "postal_code": "79602"
    },
    {
      "id": 46307,
      "district_id": 610,
      "name": "HÜSEYİNOĞLU KÖYÜ",
      "area": "MERKEZKÖYLER",
      "postal_code": "79602"
    },
    {
      "id": 46308,
      "district_id": 610,
      "name": "KARADUT KÖYÜ",
      "area": "MERKEZKÖYLER",
      "postal_code": "79602"
    },
    {
      "id": 46309,
      "district_id": 610,
      "name": "KARBEYAZ KÖYÜ",
      "area": "MERKEZKÖYLER",
      "postal_code": "79602"
    },
    {
      "id": 46310,
      "district_id": 610,
      "name": "KAYAPINAR KÖYÜ",
      "area": "MERKEZKÖYLER",
      "postal_code": "79602"
    },
    {
      "id": 46311,
      "district_id": 610,
      "name": "KAYNAKLI KÖYÜ",
      "area": "MERKEZKÖYLER",
      "postal_code": "79602"
    },
    {
      "id": 46312,
      "district_id": 610,
      "name": "KIZILKENT KÖYÜ",
      "area": "MERKEZKÖYLER",
      "postal_code": "79602"
    },
    {
      "id": 46313,
      "district_id": 610,
      "name": "KOCALAR MAH (KÖRAHMETHÜYÜĞÜ KÖYÜ)",
      "area": "MERKEZKÖYLER",
      "postal_code": "79602"
    },
    {
      "id": 46314,
      "district_id": 610,
      "name": "KOÇCAĞIZ KÖYÜ",
      "area": "MERKEZKÖYLER",
      "postal_code": "79602"
    },
    {
      "id": 46315,
      "district_id": 610,
      "name": "KOLPINAR KÖYÜ",
      "area": "MERKEZKÖYLER",
      "postal_code": "79602"
    },
    {
      "id": 46316,
      "district_id": 610,
      "name": "KÖRAHMETHÜYÜĞÜ KÖYÜ",
      "area": "MERKEZKÖYLER",
      "postal_code": "79602"
    },
    {
      "id": 46317,
      "district_id": 610,
      "name": "KOZLUBAĞ KÖYÜ",
      "area": "MERKEZKÖYLER",
      "postal_code": "79602"
    },
    {
      "id": 46318,
      "district_id": 610,
      "name": "KURTARAN KÖYÜ",
      "area": "MERKEZKÖYLER",
      "postal_code": "79602"
    },
    {
      "id": 46319,
      "district_id": 610,
      "name": "KÜRTÜNCÜ KÖYÜ",
      "area": "MERKEZKÖYLER",
      "postal_code": "79602"
    },
    {
      "id": 46320,
      "district_id": 610,
      "name": "MADENYOLU KÖYÜ",
      "area": "MERKEZKÖYLER",
      "postal_code": "79602"
    },
    {
      "id": 46321,
      "district_id": 610,
      "name": "MURATHÜYÜĞÜ MAH",
      "area": "MUSABEYLİ",
      "postal_code": "79600"
    },
    {
      "id": 46322,
      "district_id": 610,
      "name": "ORTAOBA MAH (KIZILKENT KÖYÜ)",
      "area": "MERKEZKÖYLER",
      "postal_code": "79602"
    },
    {
      "id": 46323,
      "district_id": 610,
      "name": "ÖTEKİOBA MAH (KIZILKENT KÖYÜ)",
      "area": "MERKEZKÖYLER",
      "postal_code": "79602"
    },
    {
      "id": 46324,
      "district_id": 610,
      "name": "PINAR MAH",
      "area": "MUSABEYLİ",
      "postal_code": "79600"
    },
    {
      "id": 46325,
      "district_id": 610,
      "name": "SABANLI KÖYÜ",
      "area": "MERKEZKÖYLER",
      "postal_code": "79602"
    },
    {
      "id": 46326,
      "district_id": 610,
      "name": "ŞENLİKÇE KÖYÜ",
      "area": "MERKEZKÖYLER",
      "postal_code": "79602"
    },
    {
      "id": 46327,
      "district_id": 610,
      "name": "SEYDOLAR MAH (FIRLAKLI KÖYÜ)",
      "area": "MERKEZKÖYLER",
      "postal_code": "79602"
    },
    {
      "id": 46328,
      "district_id": 610,
      "name": "TAHTALIKARADUT KÖYÜ",
      "area": "MERKEZKÖYLER",
      "postal_code": "79602"
    },
    {
      "id": 46329,
      "district_id": 610,
      "name": "TAT GEMRİGİ MAH (FERİCEK KÖYÜ)",
      "area": "MERKEZKÖYLER",
      "postal_code": "79602"
    },
    {
      "id": 46330,
      "district_id": 610,
      "name": "TOKAÇGEMRİĞİ KÖYÜ",
      "area": "MERKEZKÖYLER",
      "postal_code": "79602"
    },
    {
      "id": 46331,
      "district_id": 610,
      "name": "TOPALLAR KÖYÜ",
      "area": "MERKEZKÖYLER",
      "postal_code": "79602"
    },
    {
      "id": 46332,
      "district_id": 610,
      "name": "ÜÇEVLER MAH (HASANCALI KÖYÜ)",
      "area": "MERKEZKÖYLER",
      "postal_code": "79602"
    },
    {
      "id": 46333,
      "district_id": 610,
      "name": "ÜÇPINAR KÖYÜ",
      "area": "MERKEZKÖYLER",
      "postal_code": "79602"
    },
    {
      "id": 46334,
      "district_id": 610,
      "name": "UGURCA MAH (UĞURTEPE KÖYÜ)",
      "area": "MERKEZKÖYLER",
      "postal_code": "79602"
    },
    {
      "id": 46335,
      "district_id": 610,
      "name": "UĞURTEPE KÖYÜ",
      "area": "MERKEZKÖYLER",
      "postal_code": "79602"
    },
    {
      "id": 46336,
      "district_id": 610,
      "name": "YASTICA KÖYÜ",
      "area": "MERKEZKÖYLER",
      "postal_code": "79602"
    },
    {
      "id": 46337,
      "district_id": 610,
      "name": "YATAĞAN MAH (GÜNDEĞER KÖYÜ)",
      "area": "MERKEZKÖYLER",
      "postal_code": "79602"
    },
    {
      "id": 46338,
      "district_id": 610,
      "name": "YEDİGÖZ KÖYÜ",
      "area": "MERKEZKÖYLER",
      "postal_code": "79602"
    },
    {
      "id": 46339,
      "district_id": 610,
      "name": "YEŞİLOBA KÖYÜ",
      "area": "MERKEZKÖYLER",
      "postal_code": "79602"
    },
    {
      "id": 46340,
      "district_id": 610,
      "name": "YUKARI MADENYOLU MAH (MADENYOLU KÖYÜ)",
      "area": "MERKEZKÖYLER",
      "postal_code": "79602"
    },
    {
      "id": 46341,
      "district_id": 610,
      "name": "YUKARIBADEMLİ KÖYÜ",
      "area": "MERKEZKÖYLER",
      "postal_code": "79602"
    },
    {
      "id": 46342,
      "district_id": 610,
      "name": "YUKARIKALECİK KÖYÜ",
      "area": "MERKEZKÖYLER",
      "postal_code": "79602"
    },
    {
      "id": 46343,
      "district_id": 610,
      "name": "YUVABAŞI KÖYÜ",
      "area": "MERKEZKÖYLER",
      "postal_code": "79602"
    },
    {
      "id": 46344,
      "district_id": 610,
      "name": "ZEYTİNBAĞI KÖYÜ",
      "area": "MERKEZKÖYLER",
      "postal_code": "79602"
    },
    {
      "id": 46345,
      "district_id": 611,
      "name": "ATATÜRK MAH",
      "area": "POLATELİ",
      "postal_code": "79700"
    },
    {
      "id": 46346,
      "district_id": 611,
      "name": "BAĞARASI KÖYÜ",
      "area": "MERKEZKÖYLER",
      "postal_code": "79702"
    },
    {
      "id": 46347,
      "district_id": 611,
      "name": "BEKTAŞOĞLU KÖYÜ",
      "area": "MERKEZKÖYLER",
      "postal_code": "79702"
    },
    {
      "id": 46348,
      "district_id": 611,
      "name": "BELENÖZÜ KÖYÜ",
      "area": "MERKEZKÖYLER",
      "postal_code": "79702"
    },
    {
      "id": 46349,
      "district_id": 611,
      "name": "BOZKAYA MAH (YENİYAPAN KÖYÜ)",
      "area": "MERKEZKÖYLER",
      "postal_code": "79702"
    },
    {
      "id": 46350,
      "district_id": 611,
      "name": "ÇELİK MAH (ÖMEROĞLU KÖYÜ)",
      "area": "MERKEZKÖYLER",
      "postal_code": "79702"
    },
    {
      "id": 46351,
      "district_id": 611,
      "name": "CUMHURİYET MAH",
      "area": "POLATELİ",
      "postal_code": "79700"
    },
    {
      "id": 46352,
      "district_id": 611,
      "name": "DÜMBÜLLÜ KÖYÜ",
      "area": "MERKEZKÖYLER",
      "postal_code": "79702"
    },
    {
      "id": 46353,
      "district_id": 611,
      "name": "EĞLEN KÖYÜ",
      "area": "MERKEZKÖYLER",
      "postal_code": "79702"
    },
    {
      "id": 46354,
      "district_id": 611,
      "name": "EKREM ÇETİN MAH",
      "area": "POLATELİ",
      "postal_code": "79700"
    },
    {
      "id": 46355,
      "district_id": 611,
      "name": "EVRENTEPE MAH (YENİYAPAN KÖYÜ)",
      "area": "MERKEZKÖYLER",
      "postal_code": "79702"
    },
    {
      "id": 46356,
      "district_id": 611,
      "name": "EVRENTEPE YOLU MAH (YENİYAPAN KÖYÜ)",
      "area": "MERKEZKÖYLER",
      "postal_code": "79702"
    },
    {
      "id": 46357,
      "district_id": 611,
      "name": "GÜLDÜZÜ MAH (YEŞİLPINAR KÖYÜ)",
      "area": "MERKEZKÖYLER",
      "postal_code": "79702"
    },
    {
      "id": 46358,
      "district_id": 611,
      "name": "KARACURUN MAH (YENİYURT KÖYÜ)",
      "area": "MERKEZKÖYLER",
      "postal_code": "79702"
    },
    {
      "id": 46359,
      "district_id": 611,
      "name": "KARAPINAR KÖYÜ",
      "area": "MERKEZKÖYLER",
      "postal_code": "79702"
    },
    {
      "id": 46360,
      "district_id": 611,
      "name": "KAYMAKAM KÜRŞAT AĞCA MAH",
      "area": "POLATELİ",
      "postal_code": "79700"
    },
    {
      "id": 46361,
      "district_id": 611,
      "name": "KIZILGÖL KÖYÜ",
      "area": "MERKEZKÖYLER",
      "postal_code": "79702"
    },
    {
      "id": 46362,
      "district_id": 611,
      "name": "KOÇLAR MAH (YENİYAPAN KÖYÜ)",
      "area": "MERKEZKÖYLER",
      "postal_code": "79702"
    },
    {
      "id": 46363,
      "district_id": 611,
      "name": "ÖMERCİK KÖYÜ",
      "area": "MERKEZKÖYLER",
      "postal_code": "79702"
    },
    {
      "id": 46364,
      "district_id": 611,
      "name": "ÖMEROĞLU KÖYÜ",
      "area": "MERKEZKÖYLER",
      "postal_code": "79702"
    },
    {
      "id": 46365,
      "district_id": 611,
      "name": "POLATBEY KÖYÜ",
      "area": "MERKEZKÖYLER",
      "postal_code": "79702"
    },
    {
      "id": 46366,
      "district_id": 611,
      "name": "ŞEHİT ALİ MAH",
      "area": "POLATELİ",
      "postal_code": "79700"
    },
    {
      "id": 46367,
      "district_id": 611,
      "name": "SÖĞÜTLÜ KÖYÜ",
      "area": "MERKEZKÖYLER",
      "postal_code": "79702"
    },
    {
      "id": 46368,
      "district_id": 611,
      "name": "SOSYAL KONUTLAR MAH",
      "area": "POLATELİ",
      "postal_code": "79700"
    },
    {
      "id": 46369,
      "district_id": 611,
      "name": "TAŞLIALAN KÖYÜ",
      "area": "MERKEZKÖYLER",
      "postal_code": "79702"
    },
    {
      "id": 46370,
      "district_id": 611,
      "name": "TEKDAM MAH (DÜMBÜLLÜ KÖYÜ)",
      "area": "MERKEZKÖYLER",
      "postal_code": "79702"
    },
    {
      "id": 46371,
      "district_id": 611,
      "name": "ÜRÜNLÜ KÖYÜ",
      "area": "MERKEZKÖYLER",
      "postal_code": "79702"
    },
    {
      "id": 46372,
      "district_id": 611,
      "name": "YENİKÖY MAH (DÜMBÜLLÜ KÖYÜ)",
      "area": "MERKEZKÖYLER",
      "postal_code": "79702"
    },
    {
      "id": 46373,
      "district_id": 611,
      "name": "YENİYAPAN KÖYÜ",
      "area": "MERKEZKÖYLER",
      "postal_code": "79702"
    },
    {
      "id": 46374,
      "district_id": 611,
      "name": "YENİYAPAN MAH (DÜMBÜLLÜ KÖYÜ)",
      "area": "MERKEZKÖYLER",
      "postal_code": "79702"
    },
    {
      "id": 46375,
      "district_id": 611,
      "name": "YENİYURT KÖYÜ",
      "area": "MERKEZKÖYLER",
      "postal_code": "79702"
    },
    {
      "id": 46376,
      "district_id": 611,
      "name": "YEŞİLPINAR KÖYÜ",
      "area": "MERKEZKÖYLER",
      "postal_code": "79702"
    },
    {
      "id": 46377,
      "district_id": 611,
      "name": "YILANCA KÖYÜ",
      "area": "MERKEZKÖYLER",
      "postal_code": "79702"
    }
  ]
}