{
  "neighborhoods": [
    {
      "id": 55007,
      "district_id": 773,
      "name": "ALTUNLAR KÜMESİ MAH (YUKARIKARADERE KÖYÜ)",
      "area": "MERKEZKÖYLER",
      "postal_code": "80502"
    },
    {
      "id": 55008,
      "district_id": 773,
      "name": "AŞAĞIKARADERE KÖYÜ",
      "area": "MERKEZKÖYLER",
      "postal_code": "80502"
    },
    {
      "id": 55009,
      "district_id": 773,
      "name": "ASLANLI MAH",
      "area": "BAHÇE",
      "postal_code": "80500"
    },
    {
      "id": 55010,
      "district_id": 773,
      "name": "AYGIR MAH (SAVRANLI KÖYÜ)",
      "area": "MERKEZKÖYLER",
      "postal_code": "80502"
    },
    {
      "id": 55011,
      "district_id": 773,
      "name": "AYRAN KÜMESİ MAH (AŞAĞIARICAKLI KÖYÜ)",
      "area": "MERKEZKÖYLER",
      "postal_code": "80502"
    },
    {
      "id": 55012,
      "district_id": 773,
      "name": "BAHÇELİ EVLER MAH",
      "area": "BAHÇE",
      "postal_code": "80500"
    },
    {
      "id": 55013,
      "district_id": 773,
      "name": "BALİNKAŞI KÜMESİ MAH (YUKARIKARADERE KÖYÜ)",
      "area": "MERKEZKÖYLER",
      "postal_code": "80502"
    },
    {
      "id": 55014,
      "district_id": 773,
      "name": "BASAMAKLI MAH (BEKDEMİR KÖYÜ)",
      "area": "MERKEZKÖYLER",
      "postal_code": "80502"
    },
    {
      "id": 55015,
      "district_id": 773,
      "name": "BEKDEMİR KÖYÜ",
      "area": "MERKEZKÖYLER",
      "postal_code": "80502"
    },
    {
      "id": 55016,
      "district_id": 773,
      "name": "BUĞDAYCIK MAH (ARIKLIKAŞ KÖYÜ)",
      "area": "MERKEZKÖYLER",
      "postal_code": "80502"
    },
    {
      "id": 55017,
      "district_id": 773,
      "name": "ÇAMLICA MAH",
      "area": "BAHÇE",
      "postal_code": "80500"
    },
    {
      "id": 55018,
      "district_id": 773,
      "name": "ÇELİKLER MAH (BEKDEMİR KÖYÜ)",
      "area": "MERKEZKÖYLER",
      "postal_code": "80502"
    },
    {
      "id": 55019,
      "district_id": 773,
      "name": "ÇİÇEKLİ KÜMESİ MAH (YUKARIKARADERE KÖYÜ)",
      "area": "MERKEZKÖYLER",
      "postal_code": "80502"
    },
    {
      "id": 55020,
      "district_id": 773,
      "name": "CUMHURİYET MAH",
      "area": "BAHÇE",
      "postal_code": "80500"
    },
    {
      "id": 55021,
      "district_id": 773,
      "name": "DEMİRLİK KÜMESİ MAH (YUKARIKARADERE KÖYÜ)",
      "area": "MERKEZKÖYLER",
      "postal_code": "80502"
    },
    {
      "id": 55022,
      "district_id": 773,
      "name": "DUTLU MAH (BEKDEMİR KÖYÜ)",
      "area": "MERKEZKÖYLER",
      "postal_code": "80502"
    },
    {
      "id": 55023,
      "district_id": 773,
      "name": "ESENTEPE MAH",
      "area": "BAHÇE",
      "postal_code": "80500"
    },
    {
      "id": 55024,
      "district_id": 773,
      "name": "GAZİ KÜMESİ MAH (YUKARIKARADERE KÖYÜ)",
      "area": "MERKEZKÖYLER",
      "postal_code": "80502"
    },
    {
      "id": 55025,
      "district_id": 773,
      "name": "GÖKMUSTAFALI KÖYÜ",
      "area": "MERKEZKÖYLER",
      "postal_code": "80502"
    },
    {
      "id": 55026,
      "district_id": 773,
      "name": "HAMİSLER KÜMESİ MAH (YUKARIKARADERE KÖYÜ)",
      "area": "MERKEZKÖYLER",
      "postal_code": "80502"
    },
    {
      "id": 55027,
      "district_id": 773,
      "name": "HAYVALIK KÜMESİ MAH (YUKARIKARADERE KÖYÜ)",
      "area": "MERKEZKÖYLER",
      "postal_code": "80502"
    },
    {
      "id": 55028,
      "district_id": 773,
      "name": "İBİŞLER MAH (ARICAKLI KÖYÜ)",
      "area": "MERKEZKÖYLER",
      "postal_code": "80502"
    },
    {
      "id": 55029,
      "district_id": 773,
      "name": "İSLAM MAH",
      "area": "BAHÇE",
      "postal_code": "80500"
    },
    {
      "id": 55030,
      "district_id": 773,
      "name": "İSTİKLAL MAH",
      "area": "BAHÇE",
      "postal_code": "80500"
    },
    {
      "id": 55031,
      "district_id": 773,
      "name": "KALE MAH",
      "area": "BAHÇE",
      "postal_code": "80500"
    },
    {
      "id": 55032,
      "district_id": 773,
      "name": "KAMAN KÖYÜ",
      "area": "MERKEZKÖYLER",
      "postal_code": "80502"
    },
    {
      "id": 55033,
      "district_id": 773,
      "name": "KARŞIYAKA KÜMESİ MAH (KIZLAÇ KÖYÜ)",
      "area": "MERKEZKÖYLER",
      "postal_code": "80502"
    },
    {
      "id": 55034,
      "district_id": 773,
      "name": "KARŞIYAKA MAH",
      "area": "BAHÇE",
      "postal_code": "80500"
    },
    {
      "id": 55035,
      "district_id": 773,
      "name": "KELLER MAH (BEKDEMİR KÖYÜ)",
      "area": "MERKEZKÖYLER",
      "postal_code": "80502"
    },
    {
      "id": 55036,
      "district_id": 773,
      "name": "KELOSMANLAR MAH (ÖRENCİK KÖYÜ)",
      "area": "MERKEZKÖYLER",
      "postal_code": "80502"
    },
    {
      "id": 55037,
      "district_id": 773,
      "name": "KIRAÇLI MAH (BEKDEMİR KÖYÜ)",
      "area": "MERKEZKÖYLER",
      "postal_code": "80502"
    },
    {
      "id": 55038,
      "district_id": 773,
      "name": "KİRAZLI MAH (BEKDEMİR KÖYÜ)",
      "area": "MERKEZKÖYLER",
      "postal_code": "80502"
    },
    {
      "id": 55039,
      "district_id": 773,
      "name": "KÖLELER MAH (AŞAĞIKARADERE KÖYÜ)",
      "area": "MERKEZKÖYLER",
      "postal_code": "80502"
    },
    {
      "id": 55040,
      "district_id": 773,
      "name": "KÖYBAŞI MAH (AŞAĞIKARADERE KÖYÜ)",
      "area": "MERKEZKÖYLER",
      "postal_code": "80502"
    },
    {
      "id": 55041,
      "district_id": 773,
      "name": "KUZGEÇE KÜMESİ MAH (YUKARIKARADERE KÖYÜ)",
      "area": "MERKEZKÖYLER",
      "postal_code": "80502"
    },
    {
      "id": 55042,
      "district_id": 773,
      "name": "MANDAL KÜMESİ MAH (YUKARIKARADERE KÖYÜ)",
      "area": "MERKEZKÖYLER",
      "postal_code": "80502"
    },
    {
      "id": 55043,
      "district_id": 773,
      "name": "MERCANLAR MAH (ARIKLIKAŞ KÖYÜ)",
      "area": "MERKEZKÖYLER",
      "postal_code": "80502"
    },
    {
      "id": 55044,
      "district_id": 773,
      "name": "MERCANLI MAH (BEKDEMİR KÖYÜ)",
      "area": "MERKEZKÖYLER",
      "postal_code": "80502"
    },
    {
      "id": 55045,
      "district_id": 773,
      "name": "MERKEZ KÜMESİ MAH (KIZLAÇ KÖYÜ)",
      "area": "MERKEZKÖYLER",
      "postal_code": "80502"
    },
    {
      "id": 55046,
      "district_id": 773,
      "name": "MERKEZ MAH (ARICAKLI KÖYÜ)",
      "area": "MERKEZKÖYLER",
      "postal_code": "80502"
    },
    {
      "id": 55047,
      "district_id": 773,
      "name": "MERKEZ MAH (ARIKLIKAŞ KÖYÜ)",
      "area": "MERKEZKÖYLER",
      "postal_code": "80502"
    },
    {
      "id": 55048,
      "district_id": 773,
      "name": "MERKEZ MAH (BURGAÇLI KÖYÜ)",
      "area": "MERKEZKÖYLER",
      "postal_code": "80502"
    },
    {
      "id": 55049,
      "district_id": 773,
      "name": "MERKEZ MAH (İNDERESİ KÖYÜ)",
      "area": "MERKEZKÖYLER",
      "postal_code": "80502"
    },
    {
      "id": 55050,
      "district_id": 773,
      "name": "NOHUT KÖYÜ",
      "area": "MERKEZKÖYLER",
      "postal_code": "80502"
    },
    {
      "id": 55051,
      "district_id": 773,
      "name": "ÖRENCİK KÖYÜ",
      "area": "MERKEZKÖYLER",
      "postal_code": "80502"
    },
    {
      "id": 55052,
      "district_id": 773,
      "name": "SAVRANLI KÖYÜ",
      "area": "MERKEZKÖYLER",
      "postal_code": "80502"
    },
    {
      "id": 55053,
      "district_id": 773,
      "name": "SELAMLAR MAH (BURGAÇLI KÖYÜ)",
      "area": "MERKEZKÖYLER",
      "postal_code": "80502"
    },
    {
      "id": 55054,
      "district_id": 773,
      "name": "SOĞUKPINAR MAH (AŞAĞIARICAKLI KÖYÜ)",
      "area": "MERKEZKÖYLER",
      "postal_code": "80502"
    },
    {
      "id": 55055,
      "district_id": 773,
      "name": "TAŞOLUK MAH (ARIKLIKAŞ KÖYÜ)",
      "area": "MERKEZKÖYLER",
      "postal_code": "80502"
    },
    {
      "id": 55056,
      "district_id": 773,
      "name": "YAYLALIK KÖYÜ",
      "area": "MERKEZKÖYLER",
      "postal_code": "80502"
    },
    {
      "id": 55057,
      "district_id": 773,
      "name": "YENİ KÜMESİ MAH (YUKARIKARADERE KÖYÜ)",
      "area": "MERKEZKÖYLER",
      "postal_code": "80502"
    },
    {
      "id": 55058,
      "district_id": 773,
      "name": "YENI MAH",
      "area": "BAHÇE",
      "postal_code": "80500"
    },
    {
      "id": 55059,
      "district_id": 773,
      "name": "YEŞİL YURT MAH",
      "area": "BAHÇE",
      "postal_code": "80500"
    },
    {
      "id": 55060,
      "district_id": 773,
      "name": "YUKARI KÜMESİ MAH (KIZLAÇ KÖYÜ)",
      "area": "MERKEZKÖYLER",
      "postal_code": "80502"
    },
    {
      "id": 55061,
      "district_id": 773,
      "name": "YUKARIOBA MAH (SAVRANLI KÖYÜ)",
      "area": "MERKEZKÖYLER",
      "postal_code": "80502"
    },
    {
      "id": 55062,
      "district_id": 774,
      "name": "ABACI MAH (GÜMÜŞ KÖYÜ)",
      "area": "MERKEZKÖYLER",
      "postal_code": "80602"
    },
    {
      "id": 55063,
      "district_id": 774,
      "name": "ADACA MAH (KUŞÇU KÖYÜ)",
      "area": "MERKEZKÖYLER",
      "postal_code": "80602"
    },
    {
      "id": 55064,
      "district_id": 774,
      "name": "AĞALAR MAH (YEŞİLDERE KÖYÜ)",
      "area": "MERKEZKÖYLER",
      "postal_code": "80602"
    },
    {
      "id": 55065,
      "district_id": 774,
      "name": "AHRAZLAR MAH (GÜZELYURT KÖYÜ)",
      "area": "MERKEZKÖYLER",
      "postal_code": "80602"
    },
    {
      "id": 55066,
      "district_id": 774,
      "name": "AKÇAKOYUNLU KÖYÜ",
      "area": "MERKEZKÖYLER",
      "postal_code": "80602"
    },
    {
      "id": 55067,
      "district_id": 774,
      "name": "AKSAYLAR MAH (KARAGEDİK KÖYÜ)",
      "area": "MERKEZKÖYLER",
      "postal_code": "80602"
    },
    {
      "id": 55068,
      "district_id": 774,
      "name": "ARPAÇUKURU MAH (GÖKÇAYIR KÖYÜ)",
      "area": "MERKEZKÖYLER",
      "postal_code": "80602"
    },
    {
      "id": 55069,
      "district_id": 774,
      "name": "AYDINLAR MAH (ELLEK BELDESİ)",
      "area": "ELLEK",
      "postal_code": "80730"
    },
    {
      "id": 55070,
      "district_id": 774,
      "name": "AYDINLI MAH (AKÇAKOYUNLU KÖYÜ)",
      "area": "MERKEZKÖYLER",
      "postal_code": "80602"
    },
    {
      "id": 55071,
      "district_id": 774,
      "name": "AYŞELER MAH (YAZLAMAZLI KÖYÜ)",
      "area": "MERKEZKÖYLER",
      "postal_code": "80602"
    },
    {
      "id": 55072,
      "district_id": 774,
      "name": "BOĞAZİÇİ MAH",
      "area": "DÜZİÇİ",
      "postal_code": "80600"
    },
    {
      "id": 55073,
      "district_id": 774,
      "name": "BOŞNAK MAH (PİRSULTANLI KÖYÜ)",
      "area": "MERKEZKÖYLER",
      "postal_code": "80602"
    },
    {
      "id": 55074,
      "district_id": 774,
      "name": "BOYALI MAH (BÖCEKLİ BELDESİ)",
      "area": "BÖCEKLİ",
      "postal_code": "80740"
    },
    {
      "id": 55075,
      "district_id": 774,
      "name": "ÇAMİÇİ MAH",
      "area": "MERKEZKÖYLER",
      "postal_code": "80602"
    },
    {
      "id": 55076,
      "district_id": 774,
      "name": "ÇAMKONUŞU MAH (ÇATAK KÖYÜ)",
      "area": "MERKEZKÖYLER",
      "postal_code": "80602"
    },
    {
      "id": 55077,
      "district_id": 774,
      "name": "ÇATAL MAH (ELBEYLİ KÖYÜ)",
      "area": "MERKEZKÖYLER",
      "postal_code": "80602"
    },
    {
      "id": 55078,
      "district_id": 774,
      "name": "CELİLLER MAH (BÖCEKLİ BELDESİ)",
      "area": "BÖCEKLİ",
      "postal_code": "80740"
    },
    {
      "id": 55079,
      "district_id": 774,
      "name": "ÇEVLİK MAH (ELLEK BELDESİ)",
      "area": "ELLEK",
      "postal_code": "80730"
    },
    {
      "id": 55080,
      "district_id": 774,
      "name": "ÇİFTLİK MAH",
      "area": "DÜZİÇİ",
      "postal_code": "80600"
    },
    {
      "id": 55081,
      "district_id": 774,
      "name": "ÇİRAZ MAH (ELLEK BELDESİ)",
      "area": "ELLEK",
      "postal_code": "80730"
    },
    {
      "id": 55082,
      "district_id": 774,
      "name": "ÇİRİŞLİKAŞ MAH (GÜMÜŞ KÖYÜ)",
      "area": "MERKEZKÖYLER",
      "postal_code": "80602"
    },
    {
      "id": 55083,
      "district_id": 774,
      "name": "ÇÖMEZLER MAH (GÖKÇAYIR KÖYÜ)",
      "area": "MERKEZKÖYLER",
      "postal_code": "80602"
    },
    {
      "id": 55084,
      "district_id": 774,
      "name": "ÇUKUROBA MAH (ATALAN BELDESİ)",
      "area": "ATALAN",
      "postal_code": "80710"
    },
    {
      "id": 55085,
      "district_id": 774,
      "name": "CUMHURİYET MAH",
      "area": "DÜZİÇİ",
      "postal_code": "80600"
    },
    {
      "id": 55086,
      "district_id": 774,
      "name": "DELİHALİLLER MAH (ÇERÇİOĞLU KÖYÜ)",
      "area": "MERKEZKÖYLER",
      "postal_code": "80602"
    },
    {
      "id": 55087,
      "district_id": 774,
      "name": "DEMİRCİLER MAH (BÖCEKLİ BELDESİ)",
      "area": "BÖCEKLİ",
      "postal_code": "80740"
    },
    {
      "id": 55088,
      "district_id": 774,
      "name": "DEMİRCİLER MAH (GÖKÇAYIR KÖYÜ)",
      "area": "MERKEZKÖYLER",
      "postal_code": "80602"
    },
    {
      "id": 55089,
      "district_id": 774,
      "name": "DEREALİBOZLUSU MAH (ALİBOZLU KÖYÜ)",
      "area": "MERKEZKÖYLER",
      "postal_code": "80602"
    },
    {
      "id": 55090,
      "district_id": 774,
      "name": "DORUKLAR MAH (BOSTANLAR KÖYÜ)",
      "area": "MERKEZKÖYLER",
      "postal_code": "80602"
    },
    {
      "id": 55091,
      "district_id": 774,
      "name": "DÜMBÜRDEK MAH (BÖCEKLİ BELDESİ)",
      "area": "BÖCEKLİ",
      "postal_code": "80740"
    },
    {
      "id": 55092,
      "district_id": 774,
      "name": "E.U.A.Ş. MAH (GÖKÇAYIR KÖYÜ)",
      "area": "MERKEZKÖYLER",
      "postal_code": "80602"
    },
    {
      "id": 55093,
      "district_id": 774,
      "name": "EĞRELTİ MAH (YEŞİLDERE KÖYÜ)",
      "area": "MERKEZKÖYLER",
      "postal_code": "80602"
    },
    {
      "id": 55094,
      "district_id": 774,
      "name": "EKİZLER MAH (GÖKÇAYIR KÖYÜ)",
      "area": "MERKEZKÖYLER",
      "postal_code": "80602"
    },
    {
      "id": 55095,
      "district_id": 774,
      "name": "ELLEK MAH (ELLEK BELDESİ)",
      "area": "ELLEK",
      "postal_code": "80730"
    },
    {
      "id": 55096,
      "district_id": 774,
      "name": "ELLEZLİ MAH (ELBEYLİ KÖYÜ)",
      "area": "MERKEZKÖYLER",
      "postal_code": "80602"
    },
    {
      "id": 55097,
      "district_id": 774,
      "name": "EMİRKARA MAH (PİRSULTANLI KÖYÜ)",
      "area": "MERKEZKÖYLER",
      "postal_code": "80602"
    },
    {
      "id": 55098,
      "district_id": 774,
      "name": "FARSAK KÖYÜ",
      "area": "MERKEZKÖYLER",
      "postal_code": "80602"
    },
    {
      "id": 55099,
      "district_id": 774,
      "name": "FINDIK MAH (YENİFARSAK KÖYÜ)",
      "area": "MERKEZKÖYLER",
      "postal_code": "80602"
    },
    {
      "id": 55100,
      "district_id": 774,
      "name": "GÖKYILDIZ MAH (ELLEK BELDESİ)",
      "area": "ELLEK",
      "postal_code": "80730"
    },
    {
      "id": 55101,
      "district_id": 774,
      "name": "GÖLLÜLER MAH (BOSTANLAR KÖYÜ)",
      "area": "MERKEZKÖYLER",
      "postal_code": "80602"
    },
    {
      "id": 55102,
      "district_id": 774,
      "name": "HACIİBİŞLER MAH (BOSTANLAR KÖYÜ)",
      "area": "MERKEZKÖYLER",
      "postal_code": "80602"
    },
    {
      "id": 55103,
      "district_id": 774,
      "name": "HARTLAP MAH (ELBEYLİ KÖYÜ)",
      "area": "MERKEZKÖYLER",
      "postal_code": "80602"
    },
    {
      "id": 55104,
      "district_id": 774,
      "name": "HEMENLER MAH (ALİBOZLU KÖYÜ)",
      "area": "MERKEZKÖYLER",
      "postal_code": "80602"
    },
    {
      "id": 55105,
      "district_id": 774,
      "name": "HIDIRLI MAH (ÇERÇİOĞLU KÖYÜ)",
      "area": "MERKEZKÖYLER",
      "postal_code": "80602"
    },
    {
      "id": 55106,
      "district_id": 774,
      "name": "HÖBÜR MAH (YAZLAMAZLI KÖYÜ)",
      "area": "MERKEZKÖYLER",
      "postal_code": "80602"
    },
    {
      "id": 55107,
      "district_id": 774,
      "name": "HODU MAH (YENİFARSAK KÖYÜ)",
      "area": "MERKEZKÖYLER",
      "postal_code": "80602"
    },
    {
      "id": 55108,
      "district_id": 774,
      "name": "HÖKELEKLER MAH (GÖKÇAYIR KÖYÜ)",
      "area": "MERKEZKÖYLER",
      "postal_code": "80602"
    },
    {
      "id": 55109,
      "district_id": 774,
      "name": "HOROZLAR MAH (GÖKÇAYIR KÖYÜ)",
      "area": "MERKEZKÖYLER",
      "postal_code": "80602"
    },
    {
      "id": 55110,
      "district_id": 774,
      "name": "HÜRRİYET MAH",
      "area": "DÜZİÇİ",
      "postal_code": "80600"
    },
    {
      "id": 55111,
      "district_id": 774,
      "name": "İBİŞLER MAH (BAYINDIRLI KÖYÜ)",
      "area": "MERKEZKÖYLER",
      "postal_code": "80602"
    },
    {
      "id": 55112,
      "district_id": 774,
      "name": "İKİZLER MAH (KARAGEDİK KÖYÜ)",
      "area": "MERKEZKÖYLER",
      "postal_code": "80602"
    },
    {
      "id": 55113,
      "district_id": 774,
      "name": "İRFANLI MAH",
      "area": "DÜZİÇİ",
      "postal_code": "80600"
    },
    {
      "id": 55114,
      "district_id": 774,
      "name": "İSTİKLAL MAH",
      "area": "DÜZİÇİ",
      "postal_code": "80600"
    },
    {
      "id": 55115,
      "district_id": 774,
      "name": "KADİRLER MAH (GÖKÇAYIR KÖYÜ)",
      "area": "MERKEZKÖYLER",
      "postal_code": "80602"
    },
    {
      "id": 55116,
      "district_id": 774,
      "name": "KARACAOĞLAN MAH",
      "area": "DÜZİÇİ",
      "postal_code": "80600"
    },
    {
      "id": 55117,
      "district_id": 774,
      "name": "KARACAÖREN MAH (YARBAŞI BELDESİ)",
      "area": "YARBAŞI",
      "postal_code": "80720"
    },
    {
      "id": 55118,
      "district_id": 774,
      "name": "KARAÇARLI MAH (YARBAŞI BELDESİ)",
      "area": "YARBAŞI",
      "postal_code": "80720"
    },
    {
      "id": 55119,
      "district_id": 774,
      "name": "KARAİSA MAH (ÇİTLİ KÖYÜ)",
      "area": "MERKEZKÖYLER",
      "postal_code": "80602"
    },
    {
      "id": 55120,
      "district_id": 774,
      "name": "KARAKUYU MAH (ÇERÇİOĞLU KÖYÜ)",
      "area": "MERKEZKÖYLER",
      "postal_code": "80602"
    },
    {
      "id": 55121,
      "district_id": 774,
      "name": "KARANIDERE MAH (SELVERLER KÖYÜ)",
      "area": "MERKEZKÖYLER",
      "postal_code": "80602"
    },
    {
      "id": 55122,
      "district_id": 774,
      "name": "KARANLIKDERE MAH (KARAGEDİK KÖYÜ)",
      "area": "MERKEZKÖYLER",
      "postal_code": "80602"
    },
    {
      "id": 55123,
      "district_id": 774,
      "name": "KARAYUSUFLAR MAH (ÇERÇİOĞLU KÖYÜ)",
      "area": "MERKEZKÖYLER",
      "postal_code": "80602"
    },
    {
      "id": 55124,
      "district_id": 774,
      "name": "KARKIN MAH",
      "area": "DÜZİÇİ",
      "postal_code": "80600"
    },
    {
      "id": 55125,
      "district_id": 774,
      "name": "KARLICA MAH",
      "area": "DÜZİÇİ",
      "postal_code": "80600"
    },
    {
      "id": 55126,
      "district_id": 774,
      "name": "KARŞIYAKA MAH",
      "area": "DÜZİÇİ",
      "postal_code": "80600"
    },
    {
      "id": 55127,
      "district_id": 774,
      "name": "KAŞ MAH (BOSTANLAR KÖYÜ)",
      "area": "MERKEZKÖYLER",
      "postal_code": "80602"
    },
    {
      "id": 55128,
      "district_id": 774,
      "name": "KAŞ MAH (PİRSULTANLI KÖYÜ)",
      "area": "MERKEZKÖYLER",
      "postal_code": "80602"
    },
    {
      "id": 55129,
      "district_id": 774,
      "name": "KATOBASI MAH (ATALAN BELDESİ)",
      "area": "ATALAN",
      "postal_code": "80710"
    },
    {
      "id": 55130,
      "district_id": 774,
      "name": "KAZIKLI MAH (OLUKLU KÖYÜ)",
      "area": "MERKEZKÖYLER",
      "postal_code": "80602"
    },
    {
      "id": 55131,
      "district_id": 774,
      "name": "KELLER MAH (ELBEYLİ KÖYÜ)",
      "area": "MERKEZKÖYLER",
      "postal_code": "80602"
    },
    {
      "id": 55132,
      "district_id": 774,
      "name": "KIŞLA MAH (GÜMÜŞ KÖYÜ)",
      "area": "MERKEZKÖYLER",
      "postal_code": "80602"
    },
    {
      "id": 55133,
      "district_id": 774,
      "name": "KIZILALİ MAH (ÇOTLU KÖYÜ)",
      "area": "MERKEZKÖYLER",
      "postal_code": "80602"
    },
    {
      "id": 55134,
      "district_id": 774,
      "name": "KÖŞKERLER MAH (GÖKÇAYIR KÖYÜ)",
      "area": "MERKEZKÖYLER",
      "postal_code": "80602"
    },
    {
      "id": 55135,
      "district_id": 774,
      "name": "KÖŞKERLİ MAH (YEŞİLKÖY KÖYÜ)",
      "area": "MERKEZKÖYLER",
      "postal_code": "80602"
    },
    {
      "id": 55136,
      "district_id": 774,
      "name": "KOYUNTAŞ MAH (OLUKLU KÖYÜ)",
      "area": "MERKEZKÖYLER",
      "postal_code": "80602"
    },
    {
      "id": 55137,
      "district_id": 774,
      "name": "KÜRT MAHMUTLAR MAH (BÖCEKLİ BELDESİ)",
      "area": "BÖCEKLİ",
      "postal_code": "80740"
    },
    {
      "id": 55138,
      "district_id": 774,
      "name": "KURTBEYOĞLU MAH",
      "area": "DÜZİÇİ",
      "postal_code": "80600"
    },
    {
      "id": 55139,
      "district_id": 774,
      "name": "KURTULUŞ MAH",
      "area": "DÜZİÇİ",
      "postal_code": "80600"
    },
    {
      "id": 55140,
      "district_id": 774,
      "name": "MANLAR MAH (BAYINDIRLI KÖYÜ)",
      "area": "MERKEZKÖYLER",
      "postal_code": "80602"
    },
    {
      "id": 55141,
      "district_id": 774,
      "name": "MEHMETOĞLUYERİ MAH (KUŞÇU KÖYÜ)",
      "area": "MERKEZKÖYLER",
      "postal_code": "80602"
    },
    {
      "id": 55142,
      "district_id": 774,
      "name": "MERKEZ MAH",
      "area": "DÜZİÇİ",
      "postal_code": "80600"
    },
    {
      "id": 55143,
      "district_id": 774,
      "name": "MERKEZ MAH (ALİBOZLU KÖYÜ)",
      "area": "MERKEZKÖYLER",
      "postal_code": "80602"
    },
    {
      "id": 55144,
      "district_id": 774,
      "name": "MERKEZ MAH (ATALAN BELDESİ)",
      "area": "ATALAN",
      "postal_code": "80710"
    },
    {
      "id": 55145,
      "district_id": 774,
      "name": "MERKEZ MAH (BAYINDIRLI KÖYÜ)",
      "area": "MERKEZKÖYLER",
      "postal_code": "80602"
    },
    {
      "id": 55146,
      "district_id": 774,
      "name": "MERKEZ MAH (BOSTANLAR KÖYÜ)",
      "area": "MERKEZKÖYLER",
      "postal_code": "80602"
    },
    {
      "id": 55147,
      "district_id": 774,
      "name": "MERKEZ MAH (ÇATAK KÖYÜ)",
      "area": "MERKEZKÖYLER",
      "postal_code": "80602"
    },
    {
      "id": 55148,
      "district_id": 774,
      "name": "MERKEZ MAH (ÇERÇİOĞLU KÖYÜ)",
      "area": "MERKEZKÖYLER",
      "postal_code": "80602"
    },
    {
      "id": 55149,
      "district_id": 774,
      "name": "MERKEZ MAH (ÇİTLİ KÖYÜ)",
      "area": "MERKEZKÖYLER",
      "postal_code": "80602"
    },
    {
      "id": 55150,
      "district_id": 774,
      "name": "MERKEZ MAH (ÇOTLU KÖYÜ)",
      "area": "MERKEZKÖYLER",
      "postal_code": "80602"
    },
    {
      "id": 55151,
      "district_id": 774,
      "name": "MERKEZ MAH (ELBEYLİ KÖYÜ)",
      "area": "MERKEZKÖYLER",
      "postal_code": "80602"
    },
    {
      "id": 55152,
      "district_id": 774,
      "name": "MERKEZ MAH (GÖKÇAYIR KÖYÜ)",
      "area": "MERKEZKÖYLER",
      "postal_code": "80602"
    },
    {
      "id": 55153,
      "district_id": 774,
      "name": "MERKEZ MAH (GÜMÜŞ KÖYÜ)",
      "area": "MERKEZKÖYLER",
      "postal_code": "80602"
    },
    {
      "id": 55154,
      "district_id": 774,
      "name": "MERKEZ MAH (GÜZELYURT KÖYÜ)",
      "area": "MERKEZKÖYLER",
      "postal_code": "80602"
    },
    {
      "id": 55155,
      "district_id": 774,
      "name": "MERKEZ MAH (KARAGUZ KÖYÜ)",
      "area": "MERKEZKÖYLER",
      "postal_code": "80602"
    },
    {
      "id": 55156,
      "district_id": 774,
      "name": "MERKEZ MAH (KUŞÇU KÖYÜ)",
      "area": "MERKEZKÖYLER",
      "postal_code": "80602"
    },
    {
      "id": 55157,
      "district_id": 774,
      "name": "MERKEZ MAH (OLUKLU KÖYÜ)",
      "area": "MERKEZKÖYLER",
      "postal_code": "80602"
    },
    {
      "id": 55158,
      "district_id": 774,
      "name": "MERKEZ MAH (PİRSULTANLI KÖYÜ)",
      "area": "MERKEZKÖYLER",
      "postal_code": "80602"
    },
    {
      "id": 55159,
      "district_id": 774,
      "name": "MERKEZ MAH (YARBAŞI BELDESİ)",
      "area": "YARBAŞI",
      "postal_code": "80720"
    },
    {
      "id": 55160,
      "district_id": 774,
      "name": "MERKEZ MAH (YAZLAMAZLI KÖYÜ)",
      "area": "MERKEZKÖYLER",
      "postal_code": "80602"
    },
    {
      "id": 55161,
      "district_id": 774,
      "name": "MERKEZ MAH (YENİFARSAK KÖYÜ)",
      "area": "MERKEZKÖYLER",
      "postal_code": "80602"
    },
    {
      "id": 55162,
      "district_id": 774,
      "name": "MERKEZ MAH (YEŞİLKÖY KÖYÜ)",
      "area": "MERKEZKÖYLER",
      "postal_code": "80602"
    },
    {
      "id": 55163,
      "district_id": 774,
      "name": "MEZDAĞ MAH (GÜMÜŞ KÖYÜ)",
      "area": "MERKEZKÖYLER",
      "postal_code": "80602"
    },
    {
      "id": 55164,
      "district_id": 774,
      "name": "NACARFARSAĞI MAH (FARSAK KÖYÜ)",
      "area": "MERKEZKÖYLER",
      "postal_code": "80602"
    },
    {
      "id": 55165,
      "district_id": 774,
      "name": "NASIFLI MAH (YEŞİLDERE KÖYÜ)",
      "area": "MERKEZKÖYLER",
      "postal_code": "80602"
    },
    {
      "id": 55166,
      "district_id": 774,
      "name": "PEÇENEK MAH (ELLEK BELDESİ)",
      "area": "ELLEK",
      "postal_code": "80730"
    },
    {
      "id": 55167,
      "district_id": 774,
      "name": "ŞAMLAR MAH (GÜZELYURT KÖYÜ)",
      "area": "MERKEZKÖYLER",
      "postal_code": "80602"
    },
    {
      "id": 55168,
      "district_id": 774,
      "name": "ŞEHİT ALİ GÖKÇE MAH (ELLEK BELDESİ)",
      "area": "ELLEK",
      "postal_code": "80730"
    },
    {
      "id": 55169,
      "district_id": 774,
      "name": "ŞEHİT ASKER KEMAL KESKİN MAH",
      "area": "DÜZİÇİ",
      "postal_code": "80600"
    },
    {
      "id": 55170,
      "district_id": 774,
      "name": "ŞEHİT HÜSEYİN SARI MAH (ATALAN BELDESİ)",
      "area": "ATALAN",
      "postal_code": "80710"
    },
    {
      "id": 55171,
      "district_id": 774,
      "name": "SELVERLER KÖYÜ",
      "area": "MERKEZKÖYLER",
      "postal_code": "80602"
    },
    {
      "id": 55172,
      "district_id": 774,
      "name": "SÖĞÜTLÜGÖL KÖYÜ",
      "area": "MERKEZKÖYLER",
      "postal_code": "80602"
    },
    {
      "id": 55173,
      "district_id": 774,
      "name": "SOYLAR MAH (ELLEK BELDESİ)",
      "area": "ELLEK",
      "postal_code": "80730"
    },
    {
      "id": 55174,
      "district_id": 774,
      "name": "TABAKLAR MAH (GÖKÇAYIR KÖYÜ)",
      "area": "MERKEZKÖYLER",
      "postal_code": "80602"
    },
    {
      "id": 55175,
      "district_id": 774,
      "name": "TELLİLER MAH (ALİBOZLU KÖYÜ)",
      "area": "MERKEZKÖYLER",
      "postal_code": "80602"
    },
    {
      "id": 55176,
      "district_id": 774,
      "name": "TOZLUYURT MAH (GÜMÜŞ KÖYÜ)",
      "area": "MERKEZKÖYLER",
      "postal_code": "80602"
    },
    {
      "id": 55177,
      "district_id": 774,
      "name": "TRAŞLAR MAH (ÇOTLU KÖYÜ)",
      "area": "MERKEZKÖYLER",
      "postal_code": "80602"
    },
    {
      "id": 55178,
      "district_id": 774,
      "name": "ÜZÜMLÜ MAH",
      "area": "DÜZİÇİ",
      "postal_code": "80600"
    },
    {
      "id": 55179,
      "district_id": 774,
      "name": "UZUN BANI MAH",
      "area": "DÜZİÇİ",
      "postal_code": "80600"
    },
    {
      "id": 55180,
      "district_id": 774,
      "name": "UZUNDERE MAH (KARAGEDİK KÖYÜ)",
      "area": "MERKEZKÖYLER",
      "postal_code": "80602"
    },
    {
      "id": 55181,
      "district_id": 774,
      "name": "YAVUZ SULTAN SELİM MAH (ALİBOZLU KÖYÜ)",
      "area": "MERKEZKÖYLER",
      "postal_code": "80602"
    },
    {
      "id": 55182,
      "district_id": 774,
      "name": "YENİCE HARUNİYE MAH",
      "area": "DÜZİÇİ",
      "postal_code": "80600"
    },
    {
      "id": 55183,
      "district_id": 774,
      "name": "YEŞİL MAH (ÇERÇİOĞLU KÖYÜ)",
      "area": "MERKEZKÖYLER",
      "postal_code": "80602"
    },
    {
      "id": 55184,
      "district_id": 774,
      "name": "YEŞİL YURT MAH (BÖCEKLİ BELDESİ)",
      "area": "BÖCEKLİ",
      "postal_code": "80740"
    },
    {
      "id": 55185,
      "district_id": 774,
      "name": "YEŞİLOVA MAH",
      "area": "DÜZİÇİ",
      "postal_code": "80600"
    },
    {
      "id": 55186,
      "district_id": 774,
      "name": "YEŞİLYURT KÖYÜ",
      "area": "MERKEZKÖYLER",
      "postal_code": "80602"
    },
    {
      "id": 55187,
      "district_id": 774,
      "name": "YOLATI MAH (YEŞİLDERE KÖYÜ)",
      "area": "MERKEZKÖYLER",
      "postal_code": "80602"
    },
    {
      "id": 55188,
      "district_id": 774,
      "name": "YUKARI HACILAR MAH",
      "area": "DÜZİÇİ",
      "postal_code": "80600"
    },
    {
      "id": 55189,
      "district_id": 774,
      "name": "YÜZÜNCÜ YIL MAH",
      "area": "DÜZİÇİ",
      "postal_code": "80600"
    },
    {
      "id": 55190,
      "district_id": 775,
      "name": "ÇOLAKLI KÖYÜ",
      "area": "MERKEZKÖYLER",
      "postal_code": "80852"
    },
    {
      "id": 55191,
      "district_id": 775,
      "name": "ÇULHALI KÖYÜ",
      "area": "MERKEZKÖYLER",
      "postal_code": "80852"
    },
    {
      "id": 55192,
      "district_id": 775,
      "name": "CUMHURİYET MAH",
      "area": "HASANBEYLİ",
      "postal_code": "80850"
    },
    {
      "id": 55193,
      "district_id": 775,
      "name": "HEYİK MAH (KALECİK KÖYÜ)",
      "area": "MERKEZKÖYLER",
      "postal_code": "80852"
    },
    {
      "id": 55194,
      "district_id": 775,
      "name": "HÜRRİYET MAH",
      "area": "HASANBEYLİ",
      "postal_code": "80850"
    },
    {
      "id": 55195,
      "district_id": 775,
      "name": "KALECİK KÖYÜ",
      "area": "MERKEZKÖYLER",
      "postal_code": "80852"
    },
    {
      "id": 55196,
      "district_id": 775,
      "name": "KANLIGEÇİT MAH (KALECİK KÖYÜ)",
      "area": "MERKEZKÖYLER",
      "postal_code": "80852"
    },
    {
      "id": 55197,
      "district_id": 775,
      "name": "KARAYİĞİT KÖYÜ",
      "area": "MERKEZKÖYLER",
      "postal_code": "80852"
    },
    {
      "id": 55198,
      "district_id": 775,
      "name": "MERKEZ MAH",
      "area": "HASANBEYLİ",
      "postal_code": "80850"
    },
    {
      "id": 55199,
      "district_id": 775,
      "name": "SARAYOVA KÖYÜ",
      "area": "MERKEZKÖYLER",
      "postal_code": "80852"
    },
    {
      "id": 55200,
      "district_id": 775,
      "name": "YANIKKIŞLA KÖYÜ",
      "area": "MERKEZKÖYLER",
      "postal_code": "80852"
    },
    {
      "id": 55201,
      "district_id": 775,
      "name": "YEŞİLYURT MAH",
      "area": "HASANBEYLİ",
      "postal_code": "80850"
    },
    {
      "id": 55202,
      "district_id": 776,
      "name": "7 MART MAH",
      "area": "KADİRLİ",
      "postal_code": "80750"
    },
    {
      "id": 55203,
      "district_id": 776,
      "name": "ACAROBA MAH (KIZYUSUFLU KÖYÜ)",
      "area": "MERKEZKÖYLER",
      "postal_code": "80752"
    },
    {
      "id": 55204,
      "district_id": 776,
      "name": "AĞILKAYA MAH (MEZRETLİ KÖYÜ)",
      "area": "MERKEZKÖYLER",
      "postal_code": "80752"
    },
    {
      "id": 55205,
      "district_id": 776,
      "name": "AĞLICA MAH (DEĞİRMENDERE KÖYÜ)",
      "area": "MERKEZKÖYLER",
      "postal_code": "80752"
    },
    {
      "id": 55206,
      "district_id": 776,
      "name": "AHMETFAKILAR MAH (AYDINLAR KÖYÜ)",
      "area": "MERKEZKÖYLER",
      "postal_code": "80752"
    },
    {
      "id": 55207,
      "district_id": 776,
      "name": "AHMETSAVRUN MAH (KİREMİTLİ KÖYÜ)",
      "area": "MERKEZKÖYLER",
      "postal_code": "80752"
    },
    {
      "id": 55208,
      "district_id": 776,
      "name": "AKARCA MAH (YENİGÜN KÖYÜ)",
      "area": "MERKEZKÖYLER",
      "postal_code": "80752"
    },
    {
      "id": 55209,
      "district_id": 776,
      "name": "AKGEDİK MAH (KAYASUYU KÖYÜ)",
      "area": "MERKEZKÖYLER",
      "postal_code": "80752"
    },
    {
      "id": 55210,
      "district_id": 776,
      "name": "AKKIZLAR MAH (HARDALLIK KÖYÜ)",
      "area": "MERKEZKÖYLER",
      "postal_code": "80752"
    },
    {
      "id": 55211,
      "district_id": 776,
      "name": "AKKÖPRÜ KÖYÜ",
      "area": "MERKEZKÖYLER",
      "postal_code": "80752"
    },
    {
      "id": 55212,
      "district_id": 776,
      "name": "AKOVA KÖYÜ",
      "area": "MERKEZKÖYLER",
      "postal_code": "80752"
    },
    {
      "id": 55213,
      "district_id": 776,
      "name": "AKPINAR MAH (KOÇLU KÖYÜ)",
      "area": "MERKEZKÖYLER",
      "postal_code": "80752"
    },
    {
      "id": 55214,
      "district_id": 776,
      "name": "ALABEYLİ MAH (ÇİĞCİK KÖYÜ)",
      "area": "MERKEZKÖYLER",
      "postal_code": "80752"
    },
    {
      "id": 55215,
      "district_id": 776,
      "name": "ALİORTAKLI MAH (KESİM KÖYÜ)",
      "area": "MERKEZKÖYLER",
      "postal_code": "80752"
    },
    {
      "id": 55216,
      "district_id": 776,
      "name": "ALİSAYİT ÇİFTLİĞİ MAH (MECİDİYE KÖYÜ)",
      "area": "MERKEZKÖYLER",
      "postal_code": "80752"
    },
    {
      "id": 55217,
      "district_id": 776,
      "name": "ALİVELİLER MAH (KESİM KÖYÜ)",
      "area": "MERKEZKÖYLER",
      "postal_code": "80752"
    },
    {
      "id": 55218,
      "district_id": 776,
      "name": "ALTUNERLER MAH (MEZRETLİ KÖYÜ)",
      "area": "MERKEZKÖYLER",
      "postal_code": "80752"
    },
    {
      "id": 55219,
      "district_id": 776,
      "name": "ANBERİNARKI KÖYÜ",
      "area": "MERKEZKÖYLER",
      "postal_code": "80752"
    },
    {
      "id": 55220,
      "district_id": 776,
      "name": "ARAS MAH (KÖSEPINARI KÖYÜ)",
      "area": "MERKEZKÖYLER",
      "postal_code": "80752"
    },
    {
      "id": 55221,
      "district_id": 776,
      "name": "ARSLANTAŞ MAH (KARATEPE KÖYÜ)",
      "area": "MERKEZKÖYLER",
      "postal_code": "80752"
    },
    {
      "id": 55222,
      "district_id": 776,
      "name": "AŞAĞI KÖŞKERLİ TÜYSÜZLER MAH (KAYASUYU KÖYÜ)",
      "area": "MERKEZKÖYLER",
      "postal_code": "80752"
    },
    {
      "id": 55223,
      "district_id": 776,
      "name": "AŞAĞIBOZKUYU KÖYÜ",
      "area": "MERKEZKÖYLER",
      "postal_code": "80752"
    },
    {
      "id": 55224,
      "district_id": 776,
      "name": "AŞAĞIÇAYANLI KÖYÜ",
      "area": "MERKEZKÖYLER",
      "postal_code": "80752"
    },
    {
      "id": 55225,
      "district_id": 776,
      "name": "ATASANLI MAH (KESİM KÖYÜ)",
      "area": "MERKEZKÖYLER",
      "postal_code": "80752"
    },
    {
      "id": 55226,
      "district_id": 776,
      "name": "AYVACIK MAH (DEĞİRMENDERE KÖYÜ)",
      "area": "MERKEZKÖYLER",
      "postal_code": "80752"
    },
    {
      "id": 55227,
      "district_id": 776,
      "name": "AZAPLI KÖYÜ",
      "area": "MERKEZKÖYLER",
      "postal_code": "80752"
    },
    {
      "id": 55228,
      "district_id": 776,
      "name": "BAĞ MAH",
      "area": "KADİRLİ",
      "postal_code": "80750"
    },
    {
      "id": 55229,
      "district_id": 776,
      "name": "BAHÇECİLER MAH (AYDINLAR KÖYÜ)",
      "area": "MERKEZKÖYLER",
      "postal_code": "80752"
    },
    {
      "id": 55230,
      "district_id": 776,
      "name": "BAYSUN KARAMÜFTÜOĞLU ÇİFTLİĞİ MAH (YENİKÖY KÖYÜ)",
      "area": "MERKEZKÖYLER",
      "postal_code": "80752"
    },
    {
      "id": 55231,
      "district_id": 776,
      "name": "BEKERECİ KÖYÜ",
      "area": "MERKEZKÖYLER",
      "postal_code": "80752"
    },
    {
      "id": 55232,
      "district_id": 776,
      "name": "BOZERLER MAH (YUKARIÇAYANLI KÖYÜ)",
      "area": "MERKEZKÖYLER",
      "postal_code": "80752"
    },
    {
      "id": 55233,
      "district_id": 776,
      "name": "ÇANAKLI MAH (SARITANIŞMANLI KÖYÜ)",
      "area": "MERKEZKÖYLER",
      "postal_code": "80752"
    },
    {
      "id": 55234,
      "district_id": 776,
      "name": "ÇATALLAR MAH (KOÇLU KÖYÜ)",
      "area": "MERKEZKÖYLER",
      "postal_code": "80752"
    },
    {
      "id": 55235,
      "district_id": 776,
      "name": "ÇAYGEÇİT KÖYÜ",
      "area": "MERKEZKÖYLER",
      "postal_code": "80752"
    },
    {
      "id": 55236,
      "district_id": 776,
      "name": "CEMALPAŞA MAH",
      "area": "CEMALPAŞA",
      "postal_code": "80760"
    },
    {
      "id": 55237,
      "district_id": 776,
      "name": "CENGİZ TOPEL MAH",
      "area": "KADİRLİ",
      "postal_code": "80750"
    },
    {
      "id": 55238,
      "district_id": 776,
      "name": "CENNETLER MAH (KIZYUSUFLU KÖYÜ)",
      "area": "MERKEZKÖYLER",
      "postal_code": "80752"
    },
    {
      "id": 55239,
      "district_id": 776,
      "name": "ÇEVLİK MAH (YENİGÜN KÖYÜ)",
      "area": "MERKEZKÖYLER",
      "postal_code": "80752"
    },
    {
      "id": 55240,
      "district_id": 776,
      "name": "ÇİĞDEMLİ KÖYÜ",
      "area": "MERKEZKÖYLER",
      "postal_code": "80752"
    },
    {
      "id": 55241,
      "district_id": 776,
      "name": "ÇİĞİLLİ MAH (ÇİĞDEMLİ KÖYÜ)",
      "area": "MERKEZKÖYLER",
      "postal_code": "80752"
    },
    {
      "id": 55242,
      "district_id": 776,
      "name": "ÇİLDİRLER MAH (AYDINLAR KÖYÜ)",
      "area": "MERKEZKÖYLER",
      "postal_code": "80752"
    },
    {
      "id": 55243,
      "district_id": 776,
      "name": "ÇINAR DERESİ MAH (MEZRETLİ KÖYÜ)",
      "area": "MERKEZKÖYLER",
      "postal_code": "80752"
    },
    {
      "id": 55244,
      "district_id": 776,
      "name": "ÇINAR KÖYÜ",
      "area": "MERKEZKÖYLER",
      "postal_code": "80752"
    },
    {
      "id": 55245,
      "district_id": 776,
      "name": "ÇINARLI MAH (DEĞİRMENDERE KÖYÜ)",
      "area": "MERKEZKÖYLER",
      "postal_code": "80752"
    },
    {
      "id": 55246,
      "district_id": 776,
      "name": "ÇİNÇİKLER SOLAKLAR MAH (YUKARIÇAYANLI KÖYÜ)",
      "area": "MERKEZKÖYLER",
      "postal_code": "80752"
    },
    {
      "id": 55247,
      "district_id": 776,
      "name": "ÇIPLAKLAR MAH (ÖKSÜZLÜ KÖYÜ)",
      "area": "MERKEZKÖYLER",
      "postal_code": "80752"
    },
    {
      "id": 55248,
      "district_id": 776,
      "name": "ÇİZMELİLER MAH (YENİKÖY KÖYÜ)",
      "area": "MERKEZKÖYLER",
      "postal_code": "80752"
    },
    {
      "id": 55249,
      "district_id": 776,
      "name": "ÇOLAKEROLLAR MAH (KIZYUSUFLU KÖYÜ)",
      "area": "MERKEZKÖYLER",
      "postal_code": "80752"
    },
    {
      "id": 55250,
      "district_id": 776,
      "name": "ÇONTARLAR MAH (KARAKÜTÜK KÖYÜ)",
      "area": "MERKEZKÖYLER",
      "postal_code": "80752"
    },
    {
      "id": 55251,
      "district_id": 776,
      "name": "ÇÖPLÜLER MAH (AYDINLAR KÖYÜ)",
      "area": "MERKEZKÖYLER",
      "postal_code": "80752"
    },
    {
      "id": 55252,
      "district_id": 776,
      "name": "COŞKUNLAR KÖYÜ",
      "area": "MERKEZKÖYLER",
      "postal_code": "80752"
    },
    {
      "id": 55253,
      "district_id": 776,
      "name": "ÇUKURKÖPRÜ KÖYÜ",
      "area": "MERKEZKÖYLER",
      "postal_code": "80752"
    },
    {
      "id": 55254,
      "district_id": 776,
      "name": "ÇUKURÖREN MAH (KOÇLU KÖYÜ)",
      "area": "MERKEZKÖYLER",
      "postal_code": "80752"
    },
    {
      "id": 55255,
      "district_id": 776,
      "name": "DELİAYŞELER MAH (KESİM KÖYÜ)",
      "area": "MERKEZKÖYLER",
      "postal_code": "80752"
    },
    {
      "id": 55256,
      "district_id": 776,
      "name": "DEMİRCİLER MAH (KESİM KÖYÜ)",
      "area": "MERKEZKÖYLER",
      "postal_code": "80752"
    },
    {
      "id": 55257,
      "district_id": 776,
      "name": "DERE MAH",
      "area": "KADİRLİ",
      "postal_code": "80750"
    },
    {
      "id": 55258,
      "district_id": 776,
      "name": "DERE MAH (KAYASUYU KÖYÜ)",
      "area": "MERKEZKÖYLER",
      "postal_code": "80752"
    },
    {
      "id": 55259,
      "district_id": 776,
      "name": "DERTİLİLER MAH (KARAKÜTÜK KÖYÜ)",
      "area": "MERKEZKÖYLER",
      "postal_code": "80752"
    },
    {
      "id": 55260,
      "district_id": 776,
      "name": "DERVİŞPAŞA MAH",
      "area": "KADİRLİ",
      "postal_code": "80750"
    },
    {
      "id": 55261,
      "district_id": 776,
      "name": "DEVRİŞLİ MAH (KİREMİTLİ KÖYÜ)",
      "area": "MERKEZKÖYLER",
      "postal_code": "80752"
    },
    {
      "id": 55262,
      "district_id": 776,
      "name": "DÖĞÜŞ GEDİĞİ MAH (YUKARIÇAYANLI KÖYÜ)",
      "area": "MERKEZKÖYLER",
      "postal_code": "80752"
    },
    {
      "id": 55263,
      "district_id": 776,
      "name": "DURMUŞSOFULAR KÖYÜ",
      "area": "MERKEZKÖYLER",
      "postal_code": "80752"
    },
    {
      "id": 55264,
      "district_id": 776,
      "name": "ELBİSTANLI KÖYÜ",
      "area": "MERKEZKÖYLER",
      "postal_code": "80752"
    },
    {
      "id": 55265,
      "district_id": 776,
      "name": "ELMALIKAYSERİ MAH (YOĞUNOLUK KÖYÜ)",
      "area": "MERKEZKÖYLER",
      "postal_code": "80752"
    },
    {
      "id": 55266,
      "district_id": 776,
      "name": "ERİCEK MAH (TAHTA KÖYÜ)",
      "area": "MERKEZKÖYLER",
      "postal_code": "80752"
    },
    {
      "id": 55267,
      "district_id": 776,
      "name": "FAKILAR MAH (KESİM KÖYÜ)",
      "area": "MERKEZKÖYLER",
      "postal_code": "80752"
    },
    {
      "id": 55268,
      "district_id": 776,
      "name": "GANİAĞALAR MAH (ÇİĞCİK KÖYÜ)",
      "area": "MERKEZKÖYLER",
      "postal_code": "80752"
    },
    {
      "id": 55269,
      "district_id": 776,
      "name": "GEDİK MAH (MEHEDİNLİ KÖYÜ)",
      "area": "MERKEZKÖYLER",
      "postal_code": "80752"
    },
    {
      "id": 55270,
      "district_id": 776,
      "name": "GIRAÇOBASI MAH (BAHADIRLI KÖYÜ)",
      "area": "MERKEZKÖYLER",
      "postal_code": "80752"
    },
    {
      "id": 55271,
      "district_id": 776,
      "name": "GÖÇMENLER MAH (AYDINLAR KÖYÜ)",
      "area": "MERKEZKÖYLER",
      "postal_code": "80752"
    },
    {
      "id": 55272,
      "district_id": 776,
      "name": "GÖÇMENLER MAH (HARDALLIK KÖYÜ)",
      "area": "MERKEZKÖYLER",
      "postal_code": "80752"
    },
    {
      "id": 55273,
      "district_id": 776,
      "name": "GÖÇMENLER MAH (KÜMBET KÖYÜ)",
      "area": "MERKEZKÖYLER",
      "postal_code": "80752"
    },
    {
      "id": 55274,
      "district_id": 776,
      "name": "GÖKALAN MAH (MEHEDİNLİ KÖYÜ)",
      "area": "MERKEZKÖYLER",
      "postal_code": "80752"
    },
    {
      "id": 55275,
      "district_id": 776,
      "name": "GÖKBÜĞET MAH (KÖSEPINARI KÖYÜ)",
      "area": "MERKEZKÖYLER",
      "postal_code": "80752"
    },
    {
      "id": 55276,
      "district_id": 776,
      "name": "GÖZÜBÖYÜKLÜ MAH (ÇİĞDEMLİ KÖYÜ)",
      "area": "MERKEZKÖYLER",
      "postal_code": "80752"
    },
    {
      "id": 55277,
      "district_id": 776,
      "name": "GÜNECE MAH (YOĞUNOLUK KÖYÜ)",
      "area": "MERKEZKÖYLER",
      "postal_code": "80752"
    },
    {
      "id": 55278,
      "district_id": 776,
      "name": "GÜZELLER MAH (MEZRETLİ KÖYÜ)",
      "area": "MERKEZKÖYLER",
      "postal_code": "80752"
    },
    {
      "id": 55279,
      "district_id": 776,
      "name": "HACIABDİLER MAH (BAHADIRLI KÖYÜ)",
      "area": "MERKEZKÖYLER",
      "postal_code": "80752"
    },
    {
      "id": 55280,
      "district_id": 776,
      "name": "HACIAHMETLER MAH (KESİM KÖYÜ)",
      "area": "MERKEZKÖYLER",
      "postal_code": "80752"
    },
    {
      "id": 55281,
      "district_id": 776,
      "name": "HACIHALİLOĞLU KÖYÜ",
      "area": "MERKEZKÖYLER",
      "postal_code": "80752"
    },
    {
      "id": 55282,
      "district_id": 776,
      "name": "HAMAM MAH (ORUÇBEY KÖYÜ)",
      "area": "MERKEZKÖYLER",
      "postal_code": "80752"
    },
    {
      "id": 55283,
      "district_id": 776,
      "name": "HARKAŞTIĞI KÖYÜ",
      "area": "MERKEZKÖYLER",
      "postal_code": "80752"
    },
    {
      "id": 55284,
      "district_id": 776,
      "name": "HASARKAYA MAH (GÖZTAŞI KÖYÜ)",
      "area": "MERKEZKÖYLER",
      "postal_code": "80752"
    },
    {
      "id": 55285,
      "district_id": 776,
      "name": "HAYVALI MAH (YUKARIÇAYANLI KÖYÜ)",
      "area": "MERKEZKÖYLER",
      "postal_code": "80752"
    },
    {
      "id": 55286,
      "district_id": 776,
      "name": "HOCALAR MAH (KİREMİTLİ KÖYÜ)",
      "area": "MERKEZKÖYLER",
      "postal_code": "80752"
    },
    {
      "id": 55287,
      "district_id": 776,
      "name": "İMİRZELER MAH (KESİM KÖYÜ)",
      "area": "MERKEZKÖYLER",
      "postal_code": "80752"
    },
    {
      "id": 55288,
      "district_id": 776,
      "name": "İNCİ MAH (TAHTA KÖYÜ)",
      "area": "MERKEZKÖYLER",
      "postal_code": "80752"
    },
    {
      "id": 55289,
      "district_id": 776,
      "name": "İNCİKLER MAH (KESİM KÖYÜ)",
      "area": "MERKEZKÖYLER",
      "postal_code": "80752"
    },
    {
      "id": 55290,
      "district_id": 776,
      "name": "İSALAR MAH (SARITANIŞMANLI KÖYÜ)",
      "area": "MERKEZKÖYLER",
      "postal_code": "80752"
    },
    {
      "id": 55291,
      "district_id": 776,
      "name": "İSPİRLER MAH (YUKARIÇAYANLI KÖYÜ)",
      "area": "MERKEZKÖYLER",
      "postal_code": "80752"
    },
    {
      "id": 55292,
      "district_id": 776,
      "name": "İSTANBULCIK MAH (KOÇLU KÖYÜ)",
      "area": "MERKEZKÖYLER",
      "postal_code": "80752"
    },
    {
      "id": 55293,
      "district_id": 776,
      "name": "KABAYAR KÖYÜ",
      "area": "MERKEZKÖYLER",
      "postal_code": "80752"
    },
    {
      "id": 55294,
      "district_id": 776,
      "name": "KADİRLİOSB MAH (YUSUFİZZETTİN KÖYÜ)",
      "area": "MERKEZKÖYLER",
      "postal_code": "80752"
    },
    {
      "id": 55295,
      "district_id": 776,
      "name": "KALE MAH (DEĞİRMENDERE KÖYÜ)",
      "area": "MERKEZKÖYLER",
      "postal_code": "80752"
    },
    {
      "id": 55296,
      "district_id": 776,
      "name": "KALEALTI MAH (KOÇLU KÖYÜ)",
      "area": "MERKEZKÖYLER",
      "postal_code": "80752"
    },
    {
      "id": 55297,
      "district_id": 776,
      "name": "KARABACAK KÖYÜ",
      "area": "MERKEZKÖYLER",
      "postal_code": "80752"
    },
    {
      "id": 55298,
      "district_id": 776,
      "name": "KARACAALİLER MAH (KARAKÜTÜK KÖYÜ)",
      "area": "MERKEZKÖYLER",
      "postal_code": "80752"
    },
    {
      "id": 55299,
      "district_id": 776,
      "name": "KARACELİLER MAH (HALİTAĞALAR KÖYÜ)",
      "area": "MERKEZKÖYLER",
      "postal_code": "80752"
    },
    {
      "id": 55300,
      "district_id": 776,
      "name": "KARAFAKILLAR MAH (SARITANIŞMANLI KÖYÜ)",
      "area": "MERKEZKÖYLER",
      "postal_code": "80752"
    },
    {
      "id": 55301,
      "district_id": 776,
      "name": "KARAKÜTÜK KÖYÜ",
      "area": "MERKEZKÖYLER",
      "postal_code": "80752"
    },
    {
      "id": 55302,
      "district_id": 776,
      "name": "KARAPINAR MAH (GÖZTAŞI KÖYÜ)",
      "area": "MERKEZKÖYLER",
      "postal_code": "80752"
    },
    {
      "id": 55303,
      "district_id": 776,
      "name": "KARATAYLAR MAH (HALİTAĞALAR KÖYÜ)",
      "area": "MERKEZKÖYLER",
      "postal_code": "80752"
    },
    {
      "id": 55304,
      "district_id": 776,
      "name": "KARATEPE KÖYÜ",
      "area": "MERKEZKÖYLER",
      "postal_code": "80752"
    },
    {
      "id": 55305,
      "district_id": 776,
      "name": "KARATOPAKLI MAH (YUKARIÇAYANLI KÖYÜ)",
      "area": "MERKEZKÖYLER",
      "postal_code": "80752"
    },
    {
      "id": 55306,
      "district_id": 776,
      "name": "KARAYILANLI MAH (MEZRETLİ KÖYÜ)",
      "area": "MERKEZKÖYLER",
      "postal_code": "80752"
    },
    {
      "id": 55307,
      "district_id": 776,
      "name": "KARTIN MAH (AYDINLAR KÖYÜ)",
      "area": "MERKEZKÖYLER",
      "postal_code": "80752"
    },
    {
      "id": 55308,
      "district_id": 776,
      "name": "KAŞ MAH (YOĞUNOLUK KÖYÜ)",
      "area": "MERKEZKÖYLER",
      "postal_code": "80752"
    },
    {
      "id": 55309,
      "district_id": 776,
      "name": "KASTAL MAH (YOĞUNOLUK KÖYÜ)",
      "area": "MERKEZKÖYLER",
      "postal_code": "80752"
    },
    {
      "id": 55310,
      "district_id": 776,
      "name": "KEPİRLER MAH (MEZRETLİ KÖYÜ)",
      "area": "MERKEZKÖYLER",
      "postal_code": "80752"
    },
    {
      "id": 55311,
      "district_id": 776,
      "name": "KERİMLİ KÖYÜ",
      "area": "MERKEZKÖYLER",
      "postal_code": "80752"
    },
    {
      "id": 55312,
      "district_id": 776,
      "name": "KESİKKELİ KÖYÜ",
      "area": "MERKEZKÖYLER",
      "postal_code": "80752"
    },
    {
      "id": 55313,
      "district_id": 776,
      "name": "KESMELİ TEPE MAH (MEHEDİNLİ KÖYÜ)",
      "area": "MERKEZKÖYLER",
      "postal_code": "80752"
    },
    {
      "id": 55314,
      "district_id": 776,
      "name": "KİREMİTLİ KÖYÜ",
      "area": "MERKEZKÖYLER",
      "postal_code": "80752"
    },
    {
      "id": 55315,
      "district_id": 776,
      "name": "KISTILAR MAH (KIZYUSUFLU KÖYÜ)",
      "area": "MERKEZKÖYLER",
      "postal_code": "80752"
    },
    {
      "id": 55316,
      "district_id": 776,
      "name": "KOCAALİLER MAH (YENİGÜN KÖYÜ)",
      "area": "MERKEZKÖYLER",
      "postal_code": "80752"
    },
    {
      "id": 55317,
      "district_id": 776,
      "name": "KOCABOĞALAR MAH (KOÇLU KÖYÜ)",
      "area": "MERKEZKÖYLER",
      "postal_code": "80752"
    },
    {
      "id": 55318,
      "district_id": 776,
      "name": "KONAKLI MAH (MEZRETLİ KÖYÜ)",
      "area": "MERKEZKÖYLER",
      "postal_code": "80752"
    },
    {
      "id": 55319,
      "district_id": 776,
      "name": "KÖRALİUŞAĞI MAH (KARAKÜTÜK KÖYÜ)",
      "area": "MERKEZKÖYLER",
      "postal_code": "80752"
    },
    {
      "id": 55320,
      "district_id": 776,
      "name": "KÖSEPINARI KÖYÜ",
      "area": "MERKEZKÖYLER",
      "postal_code": "80752"
    },
    {
      "id": 55321,
      "district_id": 776,
      "name": "KÖŞKERLİ MAH (KAYASUYU KÖYÜ)",
      "area": "MERKEZKÖYLER",
      "postal_code": "80752"
    },
    {
      "id": 55322,
      "district_id": 776,
      "name": "KÜMBET KÖYÜ",
      "area": "MERKEZKÖYLER",
      "postal_code": "80752"
    },
    {
      "id": 55323,
      "district_id": 776,
      "name": "KURTULUŞ MAH",
      "area": "KADİRLİ",
      "postal_code": "80750"
    },
    {
      "id": 55324,
      "district_id": 776,
      "name": "MAKSUTOLUĞU MAH (DEĞİRMENDERE KÖYÜ)",
      "area": "MERKEZKÖYLER",
      "postal_code": "80752"
    },
    {
      "id": 55325,
      "district_id": 776,
      "name": "MERKEZ MAH (AYDINLAR KÖYÜ)",
      "area": "MERKEZKÖYLER",
      "postal_code": "80752"
    },
    {
      "id": 55326,
      "district_id": 776,
      "name": "MERKEZ MAH (ÇİĞCİK KÖYÜ)",
      "area": "MERKEZKÖYLER",
      "postal_code": "80752"
    },
    {
      "id": 55327,
      "district_id": 776,
      "name": "MERKEZ MAH (DEĞİRMENDERE KÖYÜ)",
      "area": "MERKEZKÖYLER",
      "postal_code": "80752"
    },
    {
      "id": 55328,
      "district_id": 776,
      "name": "MERKEZ MAH (ERDOĞDU KÖYÜ)",
      "area": "MERKEZKÖYLER",
      "postal_code": "80752"
    },
    {
      "id": 55329,
      "district_id": 776,
      "name": "MERKEZ MAH (GÖZTAŞI KÖYÜ)",
      "area": "MERKEZKÖYLER",
      "postal_code": "80752"
    },
    {
      "id": 55330,
      "district_id": 776,
      "name": "MERKEZ MAH (HALİTAĞALAR KÖYÜ)",
      "area": "MERKEZKÖYLER",
      "postal_code": "80752"
    },
    {
      "id": 55331,
      "district_id": 776,
      "name": "MERKEZ MAH (HARDALLIK KÖYÜ)",
      "area": "MERKEZKÖYLER",
      "postal_code": "80752"
    },
    {
      "id": 55332,
      "district_id": 776,
      "name": "MERKEZ MAH (KAYASUYU KÖYÜ)",
      "area": "MERKEZKÖYLER",
      "postal_code": "80752"
    },
    {
      "id": 55333,
      "district_id": 776,
      "name": "MERKEZ MAH (KOÇLU KÖYÜ)",
      "area": "MERKEZKÖYLER",
      "postal_code": "80752"
    },
    {
      "id": 55334,
      "district_id": 776,
      "name": "MERKEZ MAH (MECİDİYE KÖYÜ)",
      "area": "MERKEZKÖYLER",
      "postal_code": "80752"
    },
    {
      "id": 55335,
      "district_id": 776,
      "name": "MERKEZ MAH (ORUÇBEY KÖYÜ)",
      "area": "MERKEZKÖYLER",
      "postal_code": "80752"
    },
    {
      "id": 55336,
      "district_id": 776,
      "name": "MERKEZ MAH (SOFULAR KÖYÜ)",
      "area": "MERKEZKÖYLER",
      "postal_code": "80752"
    },
    {
      "id": 55337,
      "district_id": 776,
      "name": "MERKEZ MAH (TAHTA KÖYÜ)",
      "area": "MERKEZKÖYLER",
      "postal_code": "80752"
    },
    {
      "id": 55338,
      "district_id": 776,
      "name": "MERKEZ MAH (TOPRAKTEPE KÖYÜ)",
      "area": "MERKEZKÖYLER",
      "postal_code": "80752"
    },
    {
      "id": 55339,
      "district_id": 776,
      "name": "MERKEZ MAH (TOZLU KÖYÜ)",
      "area": "MERKEZKÖYLER",
      "postal_code": "80752"
    },
    {
      "id": 55340,
      "district_id": 776,
      "name": "MERKEZ MAH (YOĞUNOLUK KÖYÜ)",
      "area": "MERKEZKÖYLER",
      "postal_code": "80752"
    },
    {
      "id": 55341,
      "district_id": 776,
      "name": "MERKEZ MAH (YUSUFİZZETTİN KÖYÜ)",
      "area": "MERKEZKÖYLER",
      "postal_code": "80752"
    },
    {
      "id": 55342,
      "district_id": 776,
      "name": "MEZİLİLER MAH (KAYASUYU KÖYÜ)",
      "area": "MERKEZKÖYLER",
      "postal_code": "80752"
    },
    {
      "id": 55343,
      "district_id": 776,
      "name": "MEZRETLİ MAH (MEZRETLİ KÖYÜ)",
      "area": "MERKEZKÖYLER",
      "postal_code": "80752"
    },
    {
      "id": 55344,
      "district_id": 776,
      "name": "MURTLUTARLA MAH (MEHEDİNLİ KÖYÜ)",
      "area": "MERKEZKÖYLER",
      "postal_code": "80752"
    },
    {
      "id": 55345,
      "district_id": 776,
      "name": "NARLIKIŞLA KÖYÜ",
      "area": "MERKEZKÖYLER",
      "postal_code": "80752"
    },
    {
      "id": 55346,
      "district_id": 776,
      "name": "NURCULAR MAH (SARITANIŞMANLI KÖYÜ)",
      "area": "MERKEZKÖYLER",
      "postal_code": "80752"
    },
    {
      "id": 55347,
      "district_id": 776,
      "name": "ÖKSÜZLER MAH (ÖKSÜZLÜ KÖYÜ)",
      "area": "MERKEZKÖYLER",
      "postal_code": "80752"
    },
    {
      "id": 55348,
      "district_id": 776,
      "name": "OLUCAKGEDİĞİ MAH (KÖSEPINARI KÖYÜ)",
      "area": "MERKEZKÖYLER",
      "postal_code": "80752"
    },
    {
      "id": 55349,
      "district_id": 776,
      "name": "ÖREN MAH (KIZYUSUFLU KÖYÜ)",
      "area": "MERKEZKÖYLER",
      "postal_code": "80752"
    },
    {
      "id": 55350,
      "district_id": 776,
      "name": "ORTA MAHALLE (TOZLU KÖYÜ)",
      "area": "MERKEZKÖYLER",
      "postal_code": "80752"
    },
    {
      "id": 55351,
      "district_id": 776,
      "name": "ÖZDEMİRLER MAH (ÖKSÜZLÜ KÖYÜ)",
      "area": "MERKEZKÖYLER",
      "postal_code": "80752"
    },
    {
      "id": 55352,
      "district_id": 776,
      "name": "PAMPALLI MAH (YUSUFİZZETTİN KÖYÜ)",
      "area": "MERKEZKÖYLER",
      "postal_code": "80752"
    },
    {
      "id": 55353,
      "district_id": 776,
      "name": "PAZAR MAH",
      "area": "KADİRLİ",
      "postal_code": "80750"
    },
    {
      "id": 55354,
      "district_id": 776,
      "name": "PÜRÇEK MAH (TAHTA KÖYÜ)",
      "area": "MERKEZKÖYLER",
      "postal_code": "80752"
    },
    {
      "id": 55355,
      "district_id": 776,
      "name": "RİFAT MAH (KİREMİTLİ KÖYÜ)",
      "area": "MERKEZKÖYLER",
      "postal_code": "80752"
    },
    {
      "id": 55356,
      "district_id": 776,
      "name": "ŞAHAPLI KÖYÜ",
      "area": "MERKEZKÖYLER",
      "postal_code": "80752"
    },
    {
      "id": 55357,
      "district_id": 776,
      "name": "SALTALILAR MAH (KESİM KÖYÜ)",
      "area": "MERKEZKÖYLER",
      "postal_code": "80752"
    },
    {
      "id": 55358,
      "district_id": 776,
      "name": "SARIBÖĞSEK MAH (KARAKÜTÜK KÖYÜ)",
      "area": "MERKEZKÖYLER",
      "postal_code": "80752"
    },
    {
      "id": 55359,
      "district_id": 776,
      "name": "SARICAFERLİ MAH (KARAKÜTÜK KÖYÜ)",
      "area": "MERKEZKÖYLER",
      "postal_code": "80752"
    },
    {
      "id": 55360,
      "district_id": 776,
      "name": "SARIDÜZ MAH (KARATEPE KÖYÜ)",
      "area": "MERKEZKÖYLER",
      "postal_code": "80752"
    },
    {
      "id": 55361,
      "district_id": 776,
      "name": "SARIKIZLAR MAH (YENİKÖY KÖYÜ)",
      "area": "MERKEZKÖYLER",
      "postal_code": "80752"
    },
    {
      "id": 55362,
      "district_id": 776,
      "name": "SARITANIŞMANLI KÖYÜ",
      "area": "MERKEZKÖYLER",
      "postal_code": "80752"
    },
    {
      "id": 55363,
      "district_id": 776,
      "name": "SAVRUN MAH",
      "area": "KADİRLİ",
      "postal_code": "80750"
    },
    {
      "id": 55364,
      "district_id": 776,
      "name": "ŞEHİT HALİS ŞİŞMAN MAH",
      "area": "CEMALPAŞA",
      "postal_code": "80760"
    },
    {
      "id": 55365,
      "district_id": 776,
      "name": "ŞEHİT İBRAHİM KUNDAKÇI MAH",
      "area": "KADİRLİ",
      "postal_code": "80750"
    },
    {
      "id": 55366,
      "district_id": 776,
      "name": "ŞEHİT KANSU KÜÇÜKATEŞ MAH",
      "area": "CEMALPAŞA",
      "postal_code": "80760"
    },
    {
      "id": 55367,
      "district_id": 776,
      "name": "ŞEHİT MEHMET DELİKUŞ MAH",
      "area": "KADİRLİ",
      "postal_code": "80750"
    },
    {
      "id": 55368,
      "district_id": 776,
      "name": "ŞEHİT MEHMET HALLAÇ MAH",
      "area": "KADİRLİ",
      "postal_code": "80750"
    },
    {
      "id": 55369,
      "district_id": 776,
      "name": "ŞEHİT MUSTAFA YAĞIZ MAH",
      "area": "KADİRLİ",
      "postal_code": "80750"
    },
    {
      "id": 55370,
      "district_id": 776,
      "name": "ŞEHİT ORHAN GÖK MAH",
      "area": "KADİRLİ",
      "postal_code": "80750"
    },
    {
      "id": 55371,
      "district_id": 776,
      "name": "ŞEHİT VEDAT  KOCADALLI MAH",
      "area": "KADİRLİ",
      "postal_code": "80750"
    },
    {
      "id": 55372,
      "district_id": 776,
      "name": "SEMERCİLER MAH (YUKARIÇAYANLI KÖYÜ)",
      "area": "MERKEZKÖYLER",
      "postal_code": "80752"
    },
    {
      "id": 55373,
      "district_id": 776,
      "name": "SİTELER MAH (KIZYUSUFLU KÖYÜ)",
      "area": "MERKEZKÖYLER",
      "postal_code": "80752"
    },
    {
      "id": 55374,
      "district_id": 776,
      "name": "SİTELER SU SPORLARI MERKEZİ MAH (KIZYUSUFLU KÖYÜ)",
      "area": "MERKEZKÖYLER",
      "postal_code": "80752"
    },
    {
      "id": 55375,
      "district_id": 776,
      "name": "SIYRINGAÇ MAH (KÖSEPINARI KÖYÜ)",
      "area": "MERKEZKÖYLER",
      "postal_code": "80752"
    },
    {
      "id": 55376,
      "district_id": 776,
      "name": "SOĞANCILAR MAH (KİREMİTLİ KÖYÜ)",
      "area": "MERKEZKÖYLER",
      "postal_code": "80752"
    },
    {
      "id": 55377,
      "district_id": 776,
      "name": "SÖĞÜTLÜDERE KÖYÜ",
      "area": "MERKEZKÖYLER",
      "postal_code": "80752"
    },
    {
      "id": 55378,
      "district_id": 776,
      "name": "SÖĞÜTOLUĞU MAH (DEĞİRMENDERE KÖYÜ)",
      "area": "MERKEZKÖYLER",
      "postal_code": "80752"
    },
    {
      "id": 55379,
      "district_id": 776,
      "name": "SOYSALLI MAH (HALİTAĞALAR KÖYÜ)",
      "area": "MERKEZKÖYLER",
      "postal_code": "80752"
    },
    {
      "id": 55380,
      "district_id": 776,
      "name": "SÜLEYMANLI MAH (KOÇLU KÖYÜ)",
      "area": "MERKEZKÖYLER",
      "postal_code": "80752"
    },
    {
      "id": 55381,
      "district_id": 776,
      "name": "TAPSIZLAR MAH (KAYASUYU KÖYÜ)",
      "area": "MERKEZKÖYLER",
      "postal_code": "80752"
    },
    {
      "id": 55382,
      "district_id": 776,
      "name": "TATARLI KÖYÜ",
      "area": "MERKEZKÖYLER",
      "postal_code": "80752"
    },
    {
      "id": 55383,
      "district_id": 776,
      "name": "TEBERİK MAH (GÖZTAŞI KÖYÜ)",
      "area": "MERKEZKÖYLER",
      "postal_code": "80752"
    },
    {
      "id": 55384,
      "district_id": 776,
      "name": "TEKELİ KÖYÜ",
      "area": "MERKEZKÖYLER",
      "postal_code": "80752"
    },
    {
      "id": 55385,
      "district_id": 776,
      "name": "TEKEREKLİ MAH (YUKARIÇAYANLI KÖYÜ)",
      "area": "MERKEZKÖYLER",
      "postal_code": "80752"
    },
    {
      "id": 55386,
      "district_id": 776,
      "name": "TESLİMELER MAH (MEHEDİNLİ KÖYÜ)",
      "area": "MERKEZKÖYLER",
      "postal_code": "80752"
    },
    {
      "id": 55387,
      "district_id": 776,
      "name": "TIBILILAR MAH (TOPRAKTEPE KÖYÜ)",
      "area": "MERKEZKÖYLER",
      "postal_code": "80752"
    },
    {
      "id": 55388,
      "district_id": 776,
      "name": "TOPALAHMETLER MAH (KIZYUSUFLU KÖYÜ)",
      "area": "MERKEZKÖYLER",
      "postal_code": "80752"
    },
    {
      "id": 55389,
      "district_id": 776,
      "name": "TORUNLAR MAH (KOÇLU KÖYÜ)",
      "area": "MERKEZKÖYLER",
      "postal_code": "80752"
    },
    {
      "id": 55390,
      "district_id": 776,
      "name": "TOSBAĞLI MAH (KIZYUSUFLU KÖYÜ)",
      "area": "MERKEZKÖYLER",
      "postal_code": "80752"
    },
    {
      "id": 55391,
      "district_id": 776,
      "name": "TÜCCAR MAH (AYDINLAR KÖYÜ)",
      "area": "MERKEZKÖYLER",
      "postal_code": "80752"
    },
    {
      "id": 55392,
      "district_id": 776,
      "name": "TUFANPAŞA MAH",
      "area": "KADİRLİ",
      "postal_code": "80750"
    },
    {
      "id": 55393,
      "district_id": 776,
      "name": "TURNA MAH (DEĞİRMENDERE KÖYÜ)",
      "area": "MERKEZKÖYLER",
      "postal_code": "80752"
    },
    {
      "id": 55394,
      "district_id": 776,
      "name": "ÜÇTEPE MAH (GÖZTAŞI KÖYÜ)",
      "area": "MERKEZKÖYLER",
      "postal_code": "80752"
    },
    {
      "id": 55395,
      "district_id": 776,
      "name": "ÜDÜRÜKLER MAH (YUKARIÇAYANLI KÖYÜ)",
      "area": "MERKEZKÖYLER",
      "postal_code": "80752"
    },
    {
      "id": 55396,
      "district_id": 776,
      "name": "ÜZÜMLÜ MAH (KOÇLU KÖYÜ)",
      "area": "MERKEZKÖYLER",
      "postal_code": "80752"
    },
    {
      "id": 55397,
      "district_id": 776,
      "name": "VAHAPOĞLU MAH (TOPRAKTEPE KÖYÜ)",
      "area": "MERKEZKÖYLER",
      "postal_code": "80752"
    },
    {
      "id": 55398,
      "district_id": 776,
      "name": "VAYVAYLI KÖYÜ",
      "area": "MERKEZKÖYLER",
      "postal_code": "80752"
    },
    {
      "id": 55399,
      "district_id": 776,
      "name": "VELİLER ÇOLAKLAR MAH (KESİM KÖYÜ)",
      "area": "MERKEZKÖYLER",
      "postal_code": "80752"
    },
    {
      "id": 55400,
      "district_id": 776,
      "name": "YALNIZDUT KÖYÜ",
      "area": "MERKEZKÖYLER",
      "postal_code": "80752"
    },
    {
      "id": 55401,
      "district_id": 776,
      "name": "YANIKLAR MAH (HARKAŞTIĞI KÖYÜ)",
      "area": "MERKEZKÖYLER",
      "postal_code": "80752"
    },
    {
      "id": 55402,
      "district_id": 776,
      "name": "YAPALAK MAH (TAHTA KÖYÜ)",
      "area": "MERKEZKÖYLER",
      "postal_code": "80752"
    },
    {
      "id": 55403,
      "district_id": 776,
      "name": "YARMADİBİ MAH (ERDOĞDU KÖYÜ)",
      "area": "MERKEZKÖYLER",
      "postal_code": "80752"
    },
    {
      "id": 55404,
      "district_id": 776,
      "name": "YAYLAPINARI MAH (KIZYUSUFLU KÖYÜ)",
      "area": "MERKEZKÖYLER",
      "postal_code": "80752"
    },
    {
      "id": 55405,
      "district_id": 776,
      "name": "YAZDAMI MAH (MEHEDİNLİ KÖYÜ)",
      "area": "MERKEZKÖYLER",
      "postal_code": "80752"
    },
    {
      "id": 55406,
      "district_id": 776,
      "name": "YENİ MAH",
      "area": "KADİRLİ",
      "postal_code": "80750"
    },
    {
      "id": 55407,
      "district_id": 776,
      "name": "YENİGÜN KÖYÜ",
      "area": "MERKEZKÖYLER",
      "postal_code": "80752"
    },
    {
      "id": 55408,
      "district_id": 776,
      "name": "YENİYER MAH (MECİDİYE KÖYÜ)",
      "area": "MERKEZKÖYLER",
      "postal_code": "80752"
    },
    {
      "id": 55409,
      "district_id": 776,
      "name": "YEŞİLTEPE MAH",
      "area": "KADİRLİ",
      "postal_code": "80750"
    },
    {
      "id": 55410,
      "district_id": 776,
      "name": "YEŞİLYURT MAH (KERİMLİ KÖYÜ)",
      "area": "MERKEZKÖYLER",
      "postal_code": "80752"
    },
    {
      "id": 55411,
      "district_id": 776,
      "name": "YOZCULAR MAH (TOPRAKTEPE KÖYÜ)",
      "area": "MERKEZKÖYLER",
      "postal_code": "80752"
    },
    {
      "id": 55412,
      "district_id": 776,
      "name": "YUKARIBOZKUYU KÖYÜ",
      "area": "MERKEZKÖYLER",
      "postal_code": "80752"
    },
    {
      "id": 55413,
      "district_id": 776,
      "name": "ZEYNEPLİ MAH (KAYASUYU KÖYÜ)",
      "area": "MERKEZKÖYLER",
      "postal_code": "80752"
    },
    {
      "id": 55414,
      "district_id": 776,
      "name": "ZİNDEĞEN MAH (YOĞUNOLUK KÖYÜ)",
      "area": "MERKEZKÖYLER",
      "postal_code": "80752"
    },
    {
      "id": 55415,
      "district_id": 776,
      "name": "ZİYANLI MAH (HARKAŞTIĞI KÖYÜ)",
      "area": "MERKEZKÖYLER",
      "postal_code": "80752"
    },
    {
      "id": 55416,
      "district_id": 777,
      "name": "ABUZERLER MAH (KIRIKLI KÖYÜ)",
      "area": "MERKEZKÖYLER",
      "postal_code": "80080"
    },
    {
      "id": 55417,
      "district_id": 777,
      "name": "ADNAN MENDERES MAH",
      "area": "ATATÜRK",
      "postal_code": "80010"
    },
    {
      "id": 55418,
      "district_id": 777,
      "name": "AHMET YESEVİ MAH",
      "area": "ATATÜRK",
      "postal_code": "80010"
    },
    {
      "id": 55419,
      "district_id": 777,
      "name": "AKARCA MAH (ŞEKERDERE KÖYÜ)",
      "area": "MERKEZKÖYLER",
      "postal_code": "80080"
    },
    {
      "id": 55420,
      "district_id": 777,
      "name": "AKTAŞ MAH (DERVİŞLİ KÖYÜ)",
      "area": "MERKEZKÖYLER",
      "postal_code": "80080"
    },
    {
      "id": 55421,
      "district_id": 777,
      "name": "AKYAR MAH",
      "area": "ATATÜRK",
      "postal_code": "80010"
    },
    {
      "id": 55422,
      "district_id": 777,
      "name": "ALİ BEKİRLİ MAH",
      "area": "ATATÜRK",
      "postal_code": "80010"
    },
    {
      "id": 55423,
      "district_id": 777,
      "name": "ALİ ÇAVUŞLAR MAH (ISSIZCA KÖYÜ)",
      "area": "MERKEZKÖYLER",
      "postal_code": "80080"
    },
    {
      "id": 55424,
      "district_id": 777,
      "name": "ALİBEYLİ MAH",
      "area": "ATATÜRK",
      "postal_code": "80010"
    },
    {
      "id": 55425,
      "district_id": 777,
      "name": "ARSLANLI KÖYÜ",
      "area": "MERKEZKÖYLER",
      "postal_code": "80080"
    },
    {
      "id": 55426,
      "district_id": 777,
      "name": "AYDINLAR MAH (DERVİŞLİ KÖYÜ)",
      "area": "MERKEZKÖYLER",
      "postal_code": "80080"
    },
    {
      "id": 55427,
      "district_id": 777,
      "name": "BABAOĞLU MAH (KAZMACA KÖYÜ)",
      "area": "MERKEZKÖYLER",
      "postal_code": "80080"
    },
    {
      "id": 55428,
      "district_id": 777,
      "name": "BAHÇE KÖYÜ",
      "area": "MERKEZKÖYLER",
      "postal_code": "80080"
    },
    {
      "id": 55429,
      "district_id": 777,
      "name": "BAŞ MAH",
      "area": "ATATÜRK",
      "postal_code": "80010"
    },
    {
      "id": 55430,
      "district_id": 777,
      "name": "BIÇAKÇI MAH (DERVİŞLİ KÖYÜ)",
      "area": "MERKEZKÖYLER",
      "postal_code": "80080"
    },
    {
      "id": 55431,
      "district_id": 777,
      "name": "ÇAĞŞAK KÖYÜ",
      "area": "MERKEZKÖYLER",
      "postal_code": "80080"
    },
    {
      "id": 55432,
      "district_id": 777,
      "name": "ÇAMLIBEL MAH (KAZMACA KÖYÜ)",
      "area": "MERKEZKÖYLER",
      "postal_code": "80080"
    },
    {
      "id": 55433,
      "district_id": 777,
      "name": "ÇANAKCI MAH (KIRIKLI KÖYÜ)",
      "area": "MERKEZKÖYLER",
      "postal_code": "80080"
    },
    {
      "id": 55434,
      "district_id": 777,
      "name": "ÇATALMAZI MAH (KAYALI KÖYÜ)",
      "area": "MERKEZKÖYLER",
      "postal_code": "80080"
    },
    {
      "id": 55435,
      "district_id": 777,
      "name": "ÇONA KÖYÜ",
      "area": "MERKEZKÖYLER",
      "postal_code": "80080"
    },
    {
      "id": 55436,
      "district_id": 777,
      "name": "CUMHURİYET MAH",
      "area": "ATATÜRK",
      "postal_code": "80010"
    },
    {
      "id": 55437,
      "district_id": 777,
      "name": "CUMHURİYET MAH (CEVDETİYE BELDESİ)",
      "area": "CEVDETİYE",
      "postal_code": "80440"
    },
    {
      "id": 55438,
      "district_id": 777,
      "name": "CUMHURİYET MAH (KIRMITLI KÖYÜ)",
      "area": "MERKEZKÖYLER",
      "postal_code": "80080"
    },
    {
      "id": 55439,
      "district_id": 777,
      "name": "ÇÜRÜK ARMUT MAH (ÇONA KÖYÜ)",
      "area": "MERKEZKÖYLER",
      "postal_code": "80080"
    },
    {
      "id": 55440,
      "district_id": 777,
      "name": "D400 ALTI MAH (SERİNOVA KÖYÜ)",
      "area": "MERKEZKÖYLER",
      "postal_code": "80080"
    },
    {
      "id": 55441,
      "district_id": 777,
      "name": "D400 ÜSTÜ MAH (SERİNOVA KÖYÜ)",
      "area": "MERKEZKÖYLER",
      "postal_code": "80080"
    },
    {
      "id": 55442,
      "district_id": 777,
      "name": "DAVULBAZLAR MAH (DERELİ KÖYÜ)",
      "area": "MERKEZKÖYLER",
      "postal_code": "80080"
    },
    {
      "id": 55443,
      "district_id": 777,
      "name": "DAVUTLAR MAH (YARPUZ KÖYÜ)",
      "area": "MERKEZKÖYLER",
      "postal_code": "80080"
    },
    {
      "id": 55444,
      "district_id": 777,
      "name": "DEĞİRMEN OCAĞI KÖYÜ",
      "area": "MERKEZKÖYLER",
      "postal_code": "80080"
    },
    {
      "id": 55445,
      "district_id": 777,
      "name": "DERELİ KÖYÜ",
      "area": "MERKEZKÖYLER",
      "postal_code": "80080"
    },
    {
      "id": 55446,
      "district_id": 777,
      "name": "DEREOBASI KÖYÜ",
      "area": "MERKEZKÖYLER",
      "postal_code": "80080"
    },
    {
      "id": 55447,
      "district_id": 777,
      "name": "DEREOBASI MAH (KIRMACILI KÖYÜ)",
      "area": "MERKEZKÖYLER",
      "postal_code": "80080"
    },
    {
      "id": 55448,
      "district_id": 777,
      "name": "DR.İHSAN GÖKNAL MAH",
      "area": "ATATÜRK",
      "postal_code": "80010"
    },
    {
      "id": 55449,
      "district_id": 777,
      "name": "DUMLUPINAR MAH",
      "area": "ATATÜRK",
      "postal_code": "80010"
    },
    {
      "id": 55450,
      "district_id": 777,
      "name": "ESENEVLER MAH",
      "area": "ATATÜRK",
      "postal_code": "80010"
    },
    {
      "id": 55451,
      "district_id": 777,
      "name": "EYÜP SULTAN MAH",
      "area": "ATATÜRK",
      "postal_code": "80010"
    },
    {
      "id": 55452,
      "district_id": 777,
      "name": "FAKIUŞAĞI MAH",
      "area": "ATATÜRK",
      "postal_code": "80010"
    },
    {
      "id": 55453,
      "district_id": 777,
      "name": "FATİH MAH",
      "area": "ATATÜRK",
      "postal_code": "80010"
    },
    {
      "id": 55454,
      "district_id": 777,
      "name": "GAZİ SİNAN MAH (KIRMITLI KÖYÜ)",
      "area": "MERKEZKÖYLER",
      "postal_code": "80080"
    },
    {
      "id": 55455,
      "district_id": 777,
      "name": "GEBELİ MAH",
      "area": "ATATÜRK",
      "postal_code": "80010"
    },
    {
      "id": 55456,
      "district_id": 777,
      "name": "GÜLTEPE MAH (KIRMACILI KÖYÜ)",
      "area": "MERKEZKÖYLER",
      "postal_code": "80080"
    },
    {
      "id": 55457,
      "district_id": 777,
      "name": "HACI OSMANLI MAH",
      "area": "ATATÜRK",
      "postal_code": "80010"
    },
    {
      "id": 55458,
      "district_id": 777,
      "name": "HAMUS MAH (KUMARLI KÖYÜ)",
      "area": "MERKEZKÖYLER",
      "postal_code": "80080"
    },
    {
      "id": 55459,
      "district_id": 777,
      "name": "HARAZ MAH",
      "area": "ATATÜRK",
      "postal_code": "80010"
    },
    {
      "id": 55460,
      "district_id": 777,
      "name": "HARAZ MAH (ÇONA KÖYÜ)",
      "area": "MERKEZKÖYLER",
      "postal_code": "80080"
    },
    {
      "id": 55461,
      "district_id": 777,
      "name": "HEMİTE KÖYÜ",
      "area": "MERKEZKÖYLER",
      "postal_code": "80080"
    },
    {
      "id": 55462,
      "district_id": 777,
      "name": "İBİŞ AĞALAR E-24 KARAYOLU ÜZERİ MAH (DERVİŞLİ KÖYÜ)",
      "area": "MERKEZKÖYLER",
      "postal_code": "80080"
    },
    {
      "id": 55463,
      "district_id": 777,
      "name": "İSTİKLAL MAH",
      "area": "ATATÜRK",
      "postal_code": "80010"
    },
    {
      "id": 55464,
      "district_id": 777,
      "name": "KAHYALAR MAH (DERVİŞLİ KÖYÜ)",
      "area": "MERKEZKÖYLER",
      "postal_code": "80080"
    },
    {
      "id": 55465,
      "district_id": 777,
      "name": "KANLI KOZ MAH (ÇONA KÖYÜ)",
      "area": "MERKEZKÖYLER",
      "postal_code": "80080"
    },
    {
      "id": 55466,
      "district_id": 777,
      "name": "KANLIGEÇİT MAH (KIRIKLI KÖYÜ)",
      "area": "MERKEZKÖYLER",
      "postal_code": "80080"
    },
    {
      "id": 55467,
      "district_id": 777,
      "name": "KARACAKIŞLA MAH (KUMARLI KÖYÜ)",
      "area": "MERKEZKÖYLER",
      "postal_code": "80080"
    },
    {
      "id": 55468,
      "district_id": 777,
      "name": "KARACALAR KÖYÜ",
      "area": "MERKEZKÖYLER",
      "postal_code": "80080"
    },
    {
      "id": 55469,
      "district_id": 777,
      "name": "KARACAY MAH",
      "area": "ATATÜRK",
      "postal_code": "80010"
    },
    {
      "id": 55470,
      "district_id": 777,
      "name": "KARATAŞ KÖYÜ",
      "area": "MERKEZKÖYLER",
      "postal_code": "80080"
    },
    {
      "id": 55471,
      "district_id": 777,
      "name": "KARATAŞ MAH (CEVDETİYE BELDESİ)",
      "area": "CEVDETİYE",
      "postal_code": "80440"
    },
    {
      "id": 55472,
      "district_id": 777,
      "name": "KAYALI KÖYÜ",
      "area": "MERKEZKÖYLER",
      "postal_code": "80080"
    },
    {
      "id": 55473,
      "district_id": 777,
      "name": "KAZIM KARABEKİR MAH",
      "area": "ATATÜRK",
      "postal_code": "80010"
    },
    {
      "id": 55474,
      "district_id": 777,
      "name": "KOCATEPE MAH (CEVDETİYE BELDESİ)",
      "area": "CEVDETİYE",
      "postal_code": "80440"
    },
    {
      "id": 55475,
      "district_id": 777,
      "name": "KOÇYURDU KÖYÜ",
      "area": "MERKEZKÖYLER",
      "postal_code": "80080"
    },
    {
      "id": 55476,
      "district_id": 777,
      "name": "KORKUT ATA MAH",
      "area": "ATATÜRK",
      "postal_code": "80010"
    },
    {
      "id": 55477,
      "district_id": 777,
      "name": "KÖYYERİ KÖYÜ",
      "area": "MERKEZKÖYLER",
      "postal_code": "80080"
    },
    {
      "id": 55478,
      "district_id": 777,
      "name": "KÜLLÜ KÖYÜ",
      "area": "MERKEZKÖYLER",
      "postal_code": "80080"
    },
    {
      "id": 55479,
      "district_id": 777,
      "name": "KUMLUCA MAH (DEREOBASI KÖYÜ)",
      "area": "MERKEZKÖYLER",
      "postal_code": "80080"
    },
    {
      "id": 55480,
      "district_id": 777,
      "name": "KURTULUŞ MAH",
      "area": "ATATÜRK",
      "postal_code": "80010"
    },
    {
      "id": 55481,
      "district_id": 777,
      "name": "KÜŞNE MAH (KÜLLÜ KÖYÜ)",
      "area": "MERKEZKÖYLER",
      "postal_code": "80080"
    },
    {
      "id": 55482,
      "district_id": 777,
      "name": "M.AKİF ERSOY MAH",
      "area": "ATATÜRK",
      "postal_code": "80010"
    },
    {
      "id": 55483,
      "district_id": 777,
      "name": "M.FEVZİ ÇAKMAK MAH",
      "area": "ATATÜRK",
      "postal_code": "80010"
    },
    {
      "id": 55484,
      "district_id": 777,
      "name": "MAĞRAÖNÜ MAH (KUMARLI KÖYÜ)",
      "area": "MERKEZKÖYLER",
      "postal_code": "80080"
    },
    {
      "id": 55485,
      "district_id": 777,
      "name": "MERKEZ MAH (ÇARDAK KÖYÜ)",
      "area": "MERKEZKÖYLER",
      "postal_code": "80080"
    },
    {
      "id": 55486,
      "district_id": 777,
      "name": "MERKEZ MAH (DERVİŞLİ KÖYÜ)",
      "area": "MERKEZKÖYLER",
      "postal_code": "80080"
    },
    {
      "id": 55487,
      "district_id": 777,
      "name": "MERKEZ MAH (ISSIZCA KÖYÜ)",
      "area": "MERKEZKÖYLER",
      "postal_code": "80080"
    },
    {
      "id": 55488,
      "district_id": 777,
      "name": "MERKEZ MAH (KAZMACA KÖYÜ)",
      "area": "MERKEZKÖYLER",
      "postal_code": "80080"
    },
    {
      "id": 55489,
      "district_id": 777,
      "name": "MERKEZ MAH (KESMEBURUN KÖYÜ)",
      "area": "MERKEZKÖYLER",
      "postal_code": "80080"
    },
    {
      "id": 55490,
      "district_id": 777,
      "name": "MERKEZ MAH (KIRIKLI KÖYÜ)",
      "area": "MERKEZKÖYLER",
      "postal_code": "80080"
    },
    {
      "id": 55491,
      "district_id": 777,
      "name": "MERKEZ MAH (KIRMACILI KÖYÜ)",
      "area": "MERKEZKÖYLER",
      "postal_code": "80080"
    },
    {
      "id": 55492,
      "district_id": 777,
      "name": "MERKEZ MAH (ŞEKERDERE KÖYÜ)",
      "area": "MERKEZKÖYLER",
      "postal_code": "80080"
    },
    {
      "id": 55493,
      "district_id": 777,
      "name": "MERKEZ MAH (TEHÇİ KÖYÜ)",
      "area": "MERKEZKÖYLER",
      "postal_code": "80080"
    },
    {
      "id": 55494,
      "district_id": 777,
      "name": "MERKEZ MAMURE İSTASYONU MAH (DERVİŞLİ KÖYÜ)",
      "area": "MERKEZKÖYLER",
      "postal_code": "80080"
    },
    {
      "id": 55495,
      "district_id": 777,
      "name": "MEVLANA MAH",
      "area": "ATATÜRK",
      "postal_code": "80010"
    },
    {
      "id": 55496,
      "district_id": 777,
      "name": "MEYDAN MAH (KAZMACA KÖYÜ)",
      "area": "MERKEZKÖYLER",
      "postal_code": "80080"
    },
    {
      "id": 55497,
      "district_id": 777,
      "name": "MİMAR SİNAN MAH",
      "area": "ATATÜRK",
      "postal_code": "80010"
    },
    {
      "id": 55498,
      "district_id": 777,
      "name": "NERGİZLİK MAH (KAZMACA KÖYÜ)",
      "area": "MERKEZKÖYLER",
      "postal_code": "80080"
    },
    {
      "id": 55499,
      "district_id": 777,
      "name": "NOHUTTEPE KÖYÜ",
      "area": "MERKEZKÖYLER",
      "postal_code": "80080"
    },
    {
      "id": 55500,
      "district_id": 777,
      "name": "ORHANİYE KÖYÜ",
      "area": "MERKEZKÖYLER",
      "postal_code": "80080"
    },
    {
      "id": 55501,
      "district_id": 777,
      "name": "ORUÇGAZİ KÖYÜ",
      "area": "MERKEZKÖYLER",
      "postal_code": "80080"
    },
    {
      "id": 55502,
      "district_id": 777,
      "name": "RAHİME HATUN MAH",
      "area": "ATATÜRK",
      "postal_code": "80010"
    },
    {
      "id": 55503,
      "district_id": 777,
      "name": "RAUFBEY MAH",
      "area": "ATATÜRK",
      "postal_code": "80010"
    },
    {
      "id": 55504,
      "district_id": 777,
      "name": "RIZAİYE MAH",
      "area": "ATATÜRK",
      "postal_code": "80010"
    },
    {
      "id": 55505,
      "district_id": 777,
      "name": "SAKARCALIK KÖYÜ",
      "area": "MERKEZKÖYLER",
      "postal_code": "80080"
    },
    {
      "id": 55506,
      "district_id": 777,
      "name": "SAKIZGEDİĞİ KÖYÜ",
      "area": "MERKEZKÖYLER",
      "postal_code": "80080"
    },
    {
      "id": 55507,
      "district_id": 777,
      "name": "SARPINAĞZI KÖYÜ",
      "area": "MERKEZKÖYLER",
      "postal_code": "80080"
    },
    {
      "id": 55508,
      "district_id": 777,
      "name": "SELİMİYE KÖYÜ",
      "area": "MERKEZKÖYLER",
      "postal_code": "80080"
    },
    {
      "id": 55509,
      "district_id": 777,
      "name": "SELİMİYE MAH",
      "area": "ATATÜRK",
      "postal_code": "80010"
    },
    {
      "id": 55510,
      "district_id": 777,
      "name": "SERDAR KÖYÜ",
      "area": "MERKEZKÖYLER",
      "postal_code": "80080"
    },
    {
      "id": 55511,
      "district_id": 777,
      "name": "SEYRANTEPE MAH (KIRMITLI KÖYÜ)",
      "area": "MERKEZKÖYLER",
      "postal_code": "80080"
    },
    {
      "id": 55512,
      "district_id": 777,
      "name": "ŞİRİNEVLER MAH",
      "area": "ATATÜRK",
      "postal_code": "80010"
    },
    {
      "id": 55513,
      "district_id": 777,
      "name": "TÜLÜCÜLER MAH (KAZMACA KÖYÜ)",
      "area": "MERKEZKÖYLER",
      "postal_code": "80080"
    },
    {
      "id": 55514,
      "district_id": 777,
      "name": "TÜLÜCÜLER MAH (KIRMACILI KÖYÜ)",
      "area": "MERKEZKÖYLER",
      "postal_code": "80080"
    },
    {
      "id": 55515,
      "district_id": 777,
      "name": "ULAŞLI MAH",
      "area": "ATATÜRK",
      "postal_code": "80010"
    },
    {
      "id": 55516,
      "district_id": 777,
      "name": "VATAN MAH",
      "area": "ATATÜRK",
      "postal_code": "80010"
    },
    {
      "id": 55517,
      "district_id": 777,
      "name": "YARPUZ KÖYÜ",
      "area": "MERKEZKÖYLER",
      "postal_code": "80080"
    },
    {
      "id": 55518,
      "district_id": 777,
      "name": "YAVERPAŞA MAH",
      "area": "ATATÜRK",
      "postal_code": "80010"
    },
    {
      "id": 55519,
      "district_id": 777,
      "name": "YEDİ OCAK MAH",
      "area": "ATATÜRK",
      "postal_code": "80010"
    },
    {
      "id": 55520,
      "district_id": 777,
      "name": "YENİ MAH",
      "area": "ATATÜRK",
      "postal_code": "80010"
    },
    {
      "id": 55521,
      "district_id": 777,
      "name": "YENİKÖY KÖYÜ",
      "area": "MERKEZKÖYLER",
      "postal_code": "80080"
    },
    {
      "id": 55522,
      "district_id": 777,
      "name": "YEŞİL YURT MAH",
      "area": "ATATÜRK",
      "postal_code": "80010"
    },
    {
      "id": 55523,
      "district_id": 777,
      "name": "YEŞİLTEPE MAH (CEVDETİYE BELDESİ)",
      "area": "CEVDETİYE",
      "postal_code": "80440"
    },
    {
      "id": 55524,
      "district_id": 777,
      "name": "YILDIRIM BEYAZIT MAH",
      "area": "ATATÜRK",
      "postal_code": "80010"
    },
    {
      "id": 55525,
      "district_id": 777,
      "name": "YUKARIÇONA MAH (ÇONA KÖYÜ)",
      "area": "MERKEZKÖYLER",
      "postal_code": "80080"
    },
    {
      "id": 55526,
      "district_id": 777,
      "name": "YUNUS EMRE MAH",
      "area": "ATATÜRK",
      "postal_code": "80010"
    },
    {
      "id": 55527,
      "district_id": 778,
      "name": "AGEDİK MAH (YEŞİLYAYLA KÖYÜ)",
      "area": "MERKEZKÖYLER",
      "postal_code": "80902"
    },
    {
      "id": 55528,
      "district_id": 778,
      "name": "AKÇALIUŞAĞI MAH (AKÇATAŞ KÖYÜ)",
      "area": "MERKEZKÖYLER",
      "postal_code": "80902"
    },
    {
      "id": 55529,
      "district_id": 778,
      "name": "AKYAR MAH (AKDAM KÖYÜ)",
      "area": "MERKEZKÖYLER",
      "postal_code": "80902"
    },
    {
      "id": 55530,
      "district_id": 778,
      "name": "ALASIRT MAH (ÇİÇEKLİDERE KÖYÜ)",
      "area": "MERKEZKÖYLER",
      "postal_code": "80902"
    },
    {
      "id": 55531,
      "district_id": 778,
      "name": "ALİŞANLI MAH (KIZILÖMERLİ KÖYÜ)",
      "area": "MERKEZKÖYLER",
      "postal_code": "80902"
    },
    {
      "id": 55532,
      "district_id": 778,
      "name": "ARMAĞANLI MAH (MEHMETLİ BELDESİ)",
      "area": "MEHMETLİ",
      "postal_code": "80940"
    },
    {
      "id": 55533,
      "district_id": 778,
      "name": "AYDINLAR MAH (AKÇATAŞ KÖYÜ)",
      "area": "MERKEZKÖYLER",
      "postal_code": "80902"
    },
    {
      "id": 55534,
      "district_id": 778,
      "name": "BAĞDAŞ MAH (ESENLİ KÖYÜ)",
      "area": "MERKEZKÖYLER",
      "postal_code": "80902"
    },
    {
      "id": 55535,
      "district_id": 778,
      "name": "BAĞYERİ MAH (GAFARLI KÖYÜ)",
      "area": "MERKEZKÖYLER",
      "postal_code": "80902"
    },
    {
      "id": 55536,
      "district_id": 778,
      "name": "CEMİLLER MAH (GAFARLI KÖYÜ)",
      "area": "MERKEZKÖYLER",
      "postal_code": "80902"
    },
    {
      "id": 55537,
      "district_id": 778,
      "name": "ÇIKIKALAN MAH (ÇİÇEKLİDERE KÖYÜ)",
      "area": "MERKEZKÖYLER",
      "postal_code": "80902"
    },
    {
      "id": 55538,
      "district_id": 778,
      "name": "ÇİNTİZLİ MAH (AKÇATAŞ KÖYÜ)",
      "area": "MERKEZKÖYLER",
      "postal_code": "80902"
    },
    {
      "id": 55539,
      "district_id": 778,
      "name": "ÇUKURFENK MAH (YEŞİLYAYLA KÖYÜ)",
      "area": "MERKEZKÖYLER",
      "postal_code": "80902"
    },
    {
      "id": 55540,
      "district_id": 778,
      "name": "CUMHURİYET MAH (MEHMETLİ BELDESİ)",
      "area": "MEHMETLİ",
      "postal_code": "80940"
    },
    {
      "id": 55541,
      "district_id": 778,
      "name": "DAVUTLU MAH (AKDAM KÖYÜ)",
      "area": "MERKEZKÖYLER",
      "postal_code": "80902"
    },
    {
      "id": 55542,
      "district_id": 778,
      "name": "DELİALİLER MAH (AKDAM KÖYÜ)",
      "area": "MERKEZKÖYLER",
      "postal_code": "80902"
    },
    {
      "id": 55543,
      "district_id": 778,
      "name": "DEMİRCİLER MAH (KÖSELİ KÖYÜ)",
      "area": "MERKEZKÖYLER",
      "postal_code": "80902"
    },
    {
      "id": 55544,
      "district_id": 778,
      "name": "DİNEKER MAH (GAFARLI KÖYÜ)",
      "area": "MERKEZKÖYLER",
      "postal_code": "80902"
    },
    {
      "id": 55545,
      "district_id": 778,
      "name": "DİNİKER MAH (AKÇATAŞ KÖYÜ)",
      "area": "MERKEZKÖYLER",
      "postal_code": "80902"
    },
    {
      "id": 55546,
      "district_id": 778,
      "name": "DÖĞENLİ MAH",
      "area": "SUMBAS",
      "postal_code": "80900"
    },
    {
      "id": 55547,
      "district_id": 778,
      "name": "ELLEZLİ MAH (GAFARLI KÖYÜ)",
      "area": "MERKEZKÖYLER",
      "postal_code": "80902"
    },
    {
      "id": 55548,
      "district_id": 778,
      "name": "EVCİLER MAH (AKDAM KÖYÜ)",
      "area": "MERKEZKÖYLER",
      "postal_code": "80902"
    },
    {
      "id": 55549,
      "district_id": 778,
      "name": "FINDIKLAR MAH (YEŞİLYAYLA KÖYÜ)",
      "area": "MERKEZKÖYLER",
      "postal_code": "80902"
    },
    {
      "id": 55550,
      "district_id": 778,
      "name": "GALİPLİ MAH (YEŞİLYAYLA KÖYÜ)",
      "area": "MERKEZKÖYLER",
      "postal_code": "80902"
    },
    {
      "id": 55551,
      "district_id": 778,
      "name": "GAZELLER MAH (ESENLİ KÖYÜ)",
      "area": "MERKEZKÖYLER",
      "postal_code": "80902"
    },
    {
      "id": 55552,
      "district_id": 778,
      "name": "GECELİ MAH (GAFARLI KÖYÜ)",
      "area": "MERKEZKÖYLER",
      "postal_code": "80902"
    },
    {
      "id": 55553,
      "district_id": 778,
      "name": "GENÇALİLER MAH (KÖSELİ KÖYÜ)",
      "area": "MERKEZKÖYLER",
      "postal_code": "80902"
    },
    {
      "id": 55554,
      "district_id": 778,
      "name": "GEYİKAĞILI MAH (YEŞİLYAYLA KÖYÜ)",
      "area": "MERKEZKÖYLER",
      "postal_code": "80902"
    },
    {
      "id": 55555,
      "district_id": 778,
      "name": "GÖKÇEBEL MAH (ESENLİ KÖYÜ)",
      "area": "MERKEZKÖYLER",
      "postal_code": "80902"
    },
    {
      "id": 55556,
      "district_id": 778,
      "name": "GÖKGEDİK MAH (GAFARLI KÖYÜ)",
      "area": "MERKEZKÖYLER",
      "postal_code": "80902"
    },
    {
      "id": 55557,
      "district_id": 778,
      "name": "GÖZ MAH (AKÇATAŞ KÖYÜ)",
      "area": "MERKEZKÖYLER",
      "postal_code": "80902"
    },
    {
      "id": 55558,
      "district_id": 778,
      "name": "GÜVELLER MAH (GAFARLI KÖYÜ)",
      "area": "MERKEZKÖYLER",
      "postal_code": "80902"
    },
    {
      "id": 55559,
      "district_id": 778,
      "name": "HARMANCIK MAH (GAFARLI KÖYÜ)",
      "area": "MERKEZKÖYLER",
      "postal_code": "80902"
    },
    {
      "id": 55560,
      "district_id": 778,
      "name": "İNCİRLİBURUN MAH (AKÇATAŞ KÖYÜ)",
      "area": "MERKEZKÖYLER",
      "postal_code": "80902"
    },
    {
      "id": 55561,
      "district_id": 778,
      "name": "İNCİRLİBURUN MAH (KÖSELİ KÖYÜ)",
      "area": "MERKEZKÖYLER",
      "postal_code": "80902"
    },
    {
      "id": 55562,
      "district_id": 778,
      "name": "IŞIKLI MAH (AKDAM KÖYÜ)",
      "area": "MERKEZKÖYLER",
      "postal_code": "80902"
    },
    {
      "id": 55563,
      "district_id": 778,
      "name": "KALFA MAH (ALİBEYLİ KÖYÜ)",
      "area": "MERKEZKÖYLER",
      "postal_code": "80902"
    },
    {
      "id": 55564,
      "district_id": 778,
      "name": "KALKAN MAH (ÇİÇEKLİDERE KÖYÜ)",
      "area": "MERKEZKÖYLER",
      "postal_code": "80902"
    },
    {
      "id": 55565,
      "district_id": 778,
      "name": "KARAGEDİK MAH (YEŞİLYAYLA KÖYÜ)",
      "area": "MERKEZKÖYLER",
      "postal_code": "80902"
    },
    {
      "id": 55566,
      "district_id": 778,
      "name": "KARAÖMERLİ MAH",
      "area": "SUMBAS",
      "postal_code": "80900"
    },
    {
      "id": 55567,
      "district_id": 778,
      "name": "KARŞIYAKA MAH (AKÇATAŞ KÖYÜ)",
      "area": "MERKEZKÖYLER",
      "postal_code": "80902"
    },
    {
      "id": 55568,
      "district_id": 778,
      "name": "KAYSERİ MAH (YEŞİLYAYLA KÖYÜ)",
      "area": "MERKEZKÖYLER",
      "postal_code": "80902"
    },
    {
      "id": 55569,
      "district_id": 778,
      "name": "KESMESUR MAH (GAFARLI KÖYÜ)",
      "area": "MERKEZKÖYLER",
      "postal_code": "80902"
    },
    {
      "id": 55570,
      "district_id": 778,
      "name": "KIRIKKÖPRÜ MAH (ÇİÇEKLİDERE KÖYÜ)",
      "area": "MERKEZKÖYLER",
      "postal_code": "80902"
    },
    {
      "id": 55571,
      "district_id": 778,
      "name": "KÜRTLER MAH (AKDAM KÖYÜ)",
      "area": "MERKEZKÖYLER",
      "postal_code": "80902"
    },
    {
      "id": 55572,
      "district_id": 778,
      "name": "MERKEZ MAH (AKÇATAŞ KÖYÜ)",
      "area": "MERKEZKÖYLER",
      "postal_code": "80902"
    },
    {
      "id": 55573,
      "district_id": 778,
      "name": "MERKEZ MAH (AKDAM KÖYÜ)",
      "area": "MERKEZKÖYLER",
      "postal_code": "80902"
    },
    {
      "id": 55574,
      "district_id": 778,
      "name": "MERKEZ MAH (ALİBEYLİ KÖYÜ)",
      "area": "MERKEZKÖYLER",
      "postal_code": "80902"
    },
    {
      "id": 55575,
      "district_id": 778,
      "name": "MERKEZ MAH (ÇİÇEKLİDERE KÖYÜ)",
      "area": "MERKEZKÖYLER",
      "postal_code": "80902"
    },
    {
      "id": 55576,
      "district_id": 778,
      "name": "MERKEZ MAH (ESENLİ KÖYÜ)",
      "area": "MERKEZKÖYLER",
      "postal_code": "80902"
    },
    {
      "id": 55577,
      "district_id": 778,
      "name": "MERKEZ MAH (GAFARLI KÖYÜ)",
      "area": "MERKEZKÖYLER",
      "postal_code": "80902"
    },
    {
      "id": 55578,
      "district_id": 778,
      "name": "MERKEZ MAH (HÜYÜK KÖYÜ)",
      "area": "MERKEZKÖYLER",
      "postal_code": "80902"
    },
    {
      "id": 55579,
      "district_id": 778,
      "name": "MERKEZ MAH (KIZILÖMERLİ KÖYÜ)",
      "area": "MERKEZKÖYLER",
      "postal_code": "80902"
    },
    {
      "id": 55580,
      "district_id": 778,
      "name": "MERKEZ MAH (KÖSELİ KÖYÜ)",
      "area": "MERKEZKÖYLER",
      "postal_code": "80902"
    },
    {
      "id": 55581,
      "district_id": 778,
      "name": "MERKEZ MAH (KÜÇÜKÇINAR KÖYÜ)",
      "area": "MERKEZKÖYLER",
      "postal_code": "80902"
    },
    {
      "id": 55582,
      "district_id": 778,
      "name": "MERKEZ MAH (REŞADİYE KÖYÜ)",
      "area": "MERKEZKÖYLER",
      "postal_code": "80902"
    },
    {
      "id": 55583,
      "district_id": 778,
      "name": "MERKEZ MAH (YAZIBOYU KÖYÜ)",
      "area": "MERKEZKÖYLER",
      "postal_code": "80902"
    },
    {
      "id": 55584,
      "district_id": 778,
      "name": "MERKEZ MAH (YEŞİLYAYLA KÖYÜ)",
      "area": "MERKEZKÖYLER",
      "postal_code": "80902"
    },
    {
      "id": 55585,
      "district_id": 778,
      "name": "MÜSTENLER MAH (YAZIBOYU KÖYÜ)",
      "area": "MERKEZKÖYLER",
      "postal_code": "80902"
    },
    {
      "id": 55586,
      "district_id": 778,
      "name": "SAFİYELER MAH (YEŞİLYAYLA KÖYÜ)",
      "area": "MERKEZKÖYLER",
      "postal_code": "80902"
    },
    {
      "id": 55587,
      "district_id": 778,
      "name": "TAHTALI MAH (ÇİÇEKLİDERE KÖYÜ)",
      "area": "MERKEZKÖYLER",
      "postal_code": "80902"
    },
    {
      "id": 55588,
      "district_id": 778,
      "name": "TAŞKÖPRÜ MAH (GAFARLI KÖYÜ)",
      "area": "MERKEZKÖYLER",
      "postal_code": "80902"
    },
    {
      "id": 55589,
      "district_id": 778,
      "name": "TAŞOCAĞI MAH (GAFARLI KÖYÜ)",
      "area": "MERKEZKÖYLER",
      "postal_code": "80902"
    },
    {
      "id": 55590,
      "district_id": 778,
      "name": "TERELİK MAH (GAFARLI KÖYÜ)",
      "area": "MERKEZKÖYLER",
      "postal_code": "80902"
    },
    {
      "id": 55591,
      "district_id": 778,
      "name": "YENİ CENNETLİ MAH (ESENLİ KÖYÜ)",
      "area": "MERKEZKÖYLER",
      "postal_code": "80902"
    },
    {
      "id": 55592,
      "district_id": 778,
      "name": "YENİ MAH (MEHMETLİ BELDESİ)",
      "area": "MEHMETLİ",
      "postal_code": "80940"
    },
    {
      "id": 55593,
      "district_id": 778,
      "name": "YİRCE MAH (ÇİÇEKLİDERE KÖYÜ)",
      "area": "MERKEZKÖYLER",
      "postal_code": "80902"
    },
    {
      "id": 55594,
      "district_id": 778,
      "name": "ZİNCARCIK MAH (ÇİÇEKLİDERE KÖYÜ)",
      "area": "MERKEZKÖYLER",
      "postal_code": "80902"
    },
    {
      "id": 55595,
      "district_id": 779,
      "name": "ASLANPINARI KÖYÜ",
      "area": "MERKEZKÖYLER",
      "postal_code": "80952"
    },
    {
      "id": 55596,
      "district_id": 779,
      "name": "BÜYÜKTÜYSÜZ MAH (TÜYSÜZ BELDESİ)",
      "area": "TÜYSÜZ",
      "postal_code": "80990"
    },
    {
      "id": 55597,
      "district_id": 779,
      "name": "ÇAMLIKEVLER MAH",
      "area": "TOPRAKKALE",
      "postal_code": "80950"
    },
    {
      "id": 55598,
      "district_id": 779,
      "name": "CUMHURİYET MAH (TÜYSÜZ BELDESİ)",
      "area": "TÜYSÜZ",
      "postal_code": "80990"
    },
    {
      "id": 55599,
      "district_id": 779,
      "name": "DAGISTAN MAH",
      "area": "TOPRAKKALE",
      "postal_code": "80950"
    },
    {
      "id": 55600,
      "district_id": 779,
      "name": "FATİH MAH (TÜYSÜZ BELDESİ)",
      "area": "TÜYSÜZ",
      "postal_code": "80990"
    },
    {
      "id": 55601,
      "district_id": 779,
      "name": "FATIH SULTAN MEHMET MAH",
      "area": "TOPRAKKALE",
      "postal_code": "80950"
    },
    {
      "id": 55602,
      "district_id": 779,
      "name": "GÖÇMENLER MAH",
      "area": "TOPRAKKALE",
      "postal_code": "80950"
    },
    {
      "id": 55603,
      "district_id": 779,
      "name": "İNCELER MAH (ASLANPINARI KÖYÜ)",
      "area": "MERKEZKÖYLER",
      "postal_code": "80952"
    },
    {
      "id": 55604,
      "district_id": 779,
      "name": "KARATAŞ MAH",
      "area": "TOPRAKKALE",
      "postal_code": "80950"
    },
    {
      "id": 55605,
      "district_id": 779,
      "name": "KIŞLA MAH",
      "area": "TOPRAKKALE",
      "postal_code": "80950"
    },
    {
      "id": 55606,
      "district_id": 779,
      "name": "KUMARLI MAH",
      "area": "TOPRAKKALE",
      "postal_code": "80950"
    },
    {
      "id": 55607,
      "district_id": 779,
      "name": "LALEGÖLÜ KÖYÜ",
      "area": "MERKEZKÖYLER",
      "postal_code": "80952"
    },
    {
      "id": 55608,
      "district_id": 779,
      "name": "SAYHÜYÜK KÖYÜ",
      "area": "MERKEZKÖYLER",
      "postal_code": "80952"
    },
    {
      "id": 55609,
      "district_id": 779,
      "name": "SAZLIK MAH",
      "area": "TOPRAKKALE",
      "postal_code": "80950"
    },
    {
      "id": 55610,
      "district_id": 779,
      "name": "TEPE MAH",
      "area": "TOPRAKKALE",
      "postal_code": "80950"
    }
  ]
}